select_box,parent_product_id,product_id,search_term,cluster_id,inf_config,kw-prediction_iteration_selected,kw-target_rank,kw-estimated_additional_sales,kw-estimated_additional_loss,kw-total_soft_score,kw-total_hard_score,sr_rc-prediction_iteration_selected,sr_rc-target_rank,sr_rc-estimated_additional_sales,sr_rc-estimated_additional_loss,sr_rc-total_soft_score,sr_rc-total_hard_score,kw_sr_rc-prediction_iteration_selected,kw_sr_rc-target_rank,kw_sr_rc-estimated_additional_sales,kw_sr_rc-estimated_additional_loss,kw_sr_rc-total_soft_score,kw_sr_rc-total_hard_score,pr-prediction_iteration_selected,pr-target_rank,pr-estimated_additional_sales,pr-estimated_additional_loss,pr-total_soft_score,pr-total_hard_score,total_soft_score_product,color_code,biz_configuration_id,session_id
TRUE,B0BVGKTF15,B0B15NZVJR,eye glass cleaners spray,1,kw,4,1,"19,981",0,1157.81,0,27,1,"19,981",468.78,1.78,-0.96,4,1,"19,981",54.06,19.36,-0.93,1,5,0,0,0,-1.98,6.46,1.1,103,9bbe5b2f-c57e-42a8-8de8-b1208baa4563
TRUE,B0BVGKTF15,B0B15NZVJR,eye glass cleaner,1,kw,6,1,"13,116",0,798.48,0,55,1,"13,116",975.12,0.33,-0.89,5,1,"13,116",72.1,10.38,-0.75,1,8,0,0,0,-1.94,6.46,1.1,103,9bbe5b2f-c57e-42a8-8de8-b1208baa4563
TRUE,B0BVGKTF15,B0B15NZVJR,glasses cleaner spray,1,kw,6,1,"6,386",0,400.76,0,38,1,"6,386",667.55,0.31,-0.89,6,1,"6,386",90.13,4.24,-0.75,1,8,0,0,0,-1.94,6.46,1.1,103,9bbe5b2f-c57e-42a8-8de8-b1208baa4563
TRUE,B0BVGKTF15,B0B15NZVJR,eye glasses cleaner spray,1,kw,4,1,"3,084",0,194.82,0,30,1,"3,084",523.07,0.17,-0.96,4,1,"3,084",54.08,3.28,-0.88,1,5,0,0,0,-1.98,6.46,1.1,103,9bbe5b2f-c57e-42a8-8de8-b1208baa4563
TRUE,B0BVGKTF15,B0B15NZVJR,eye glasses cleaner,1,kw,6,1,"5,094",0,305.13,0,56,1,"5,094",993.25,0.11,-0.89,6,1,"5,094",90.13,3.14,-0.75,1,8,0,0,0,-1.95,6.46,1.1,103,9bbe5b2f-c57e-42a8-8de8-b1208baa4563
TRUE,B0BVGKTF15,B0B15NZVJR,glasses cleaner,1,kw,18,1,"108,154",0,5671.43,0,60,11.97,"2,508",1065.82,0.1,-0.89,17,1,"108,154",288.49,18.69,-0.75,1,21,0,0,0,-1.94,6.46,1.1,103,9bbe5b2f-c57e-42a8-8de8-b1208baa4563
TRUE,B0BVGKTF15,B0B15NZVJR,glasses cleaner kit,1,kw,13,1,"2,017",0,115.74,0,44,12.04,40,776,0,-1.66,12,1,"2,017",198.31,0.65,-0.75,1,19,0,0,0,-1.89,6.46,1.1,103,9bbe5b2f-c57e-42a8-8de8-b1208baa4563
TRUE,B0BVGKTF15,B0B15NZVJR,glasses lens cleaner,1,kw,8,1,"1,213",0,69.81,0,100,1.48,715,1923,0,-0.97,7,1.08,"1,095",108.16,0.65,-0.88,1,10,0,0,0,-1.96,6.46,1.1,103,9bbe5b2f-c57e-42a8-8de8-b1208baa4563
FALSE,B0BVGKTF15,B0B15NZVJR,eye glass cleaners,1,kw,7,1,1270.89,0,57.79,-1,47,7.93,54.29,830.26,0,-2.56,7,1,1270.89,108.16,0.5,-1.75,1,15,0,0,0,-2.89,6.46,1.1,103,9bbe5b2f-c57e-42a8-8de8-b1208baa4563
TRUE,B0BVGKTF15,B0B15NZVJR,cleaner for glasses,1,kw,9,1,881,0,53.78,0,66,1,881,1174.9,0,-0.94,8,1,881,126.19,0.46,-0.75,1,11,0,0,0,-1.89,6.46,1.1,103,9bbe5b2f-c57e-42a8-8de8-b1208baa4563
TRUE,B0BVGKTF15,B0B15NZVJR,eye glass cleaner spray,1,kw,4,1,831,0,50.45,0,26,1,831,450.87,0,-0.97,4,1,831,54.08,0.9,-0.88,1,4,0,0,0,-1.96,6.46,1.1,103,9bbe5b2f-c57e-42a8-8de8-b1208baa4563
TRUE,B0BVGKTF15,B0B15NZVJR,glasses spray cleaner,1,kw,5,1,933,0,49.35,0,32,1,933,559.18,0,-0.94,5,1,933,72.1,0.59,-0.75,1,6,0,0,0,-1.89,6.46,1.1,103,9bbe5b2f-c57e-42a8-8de8-b1208baa4563
TRUE,B0BVGKTF15,B0B15NZVJR,spray glass cleaner,1,kw,39,1,"1,286",0,45.75,0,47,33.16,4,830.26,0,-1.91,32,1,"1,286",559.18,0.15,-0.75,1,42,0,0,0,-1.89,6.46,1.1,103,9bbe5b2f-c57e-42a8-8de8-b1208baa4563
TRUE,B0BVGKTF15,B0B15NZVJR,eye glass spray cleaner,1,kw,5,1,472,0,29.33,0,30,1,472,523.07,0,-0.94,5,1,472,72.1,0.46,-0.75,1,5,0,0,0,-1.89,6.46,1.1,103,9bbe5b2f-c57e-42a8-8de8-b1208baa4563
TRUE,B0BVGKTF15,B0B15NZVJR,glass lens cleaner,1,kw,6,1,452,0,28.13,0,75,1,452,1339.36,0,-0.97,6,1,452,90.13,0.23,-0.88,1,9,0,0,0,-1.96,6.46,1.1,103,9bbe5b2f-c57e-42a8-8de8-b1208baa4563
TRUE,B0BVGKTF15,B0B15NZVJR,glasses lens cleaner spray,1,kw,4,1,377,0,25.74,0,23,1,377,396.73,0,-0.97,4,1,377,54.08,0.51,-0.82,1,5,0,0,0,-1.96,6.46,1.1,103,9bbe5b2f-c57e-42a8-8de8-b1208baa4563
FALSE,B0BVGKTF15,B0B15NZVJR,eye glasses spray cleaner,1,kw,4,1,312.26,0,19.19,-1,26,1,312.26,450.87,0,-1.97,4,1,312.26,54.08,0.23,-1.75,1,5,0,0,0,-2.96,6.46,1.1,103,9bbe5b2f-c57e-42a8-8de8-b1208baa4563
FALSE,B0BVGKTF15,B0B15NZVJR,glass cleaner spray,1,kw,100,9.21,2616.93,0,1.27,0,47,70.77,31.15,830.26,0,-1.72,92,1,44817.18,1660.67,0.11,-0.75,1,80,0,0,0,-1.89,6.46,1.1,103,9bbe5b2f-c57e-42a8-8de8-b1208baa4563
FALSE,B0BVGKTF15,B0B15NZVJR,glasses cleaner wipes,1,kw,28,83.23,14.18,0,0.61,-1.9,38,119.93,1.33,667.55,0,-2.93,30,77.9,17.2,523.07,0,-2.63,1,126,0,0,0,-2.89,6.46,1.1,103,9bbe5b2f-c57e-42a8-8de8-b1208baa4563
TRUE,B0BVGKTF15,B0B15NZVJR,eyeglass cleaner,2,kw,5,1,"61,309",0,3569.68,0,54,1,"61,309",957,1.7,-0.89,5,1,"61,309",72.1,45.89,-0.75,1,8,0,0,0,-1.94,6.46,1.2,103,9bbe5b2f-c57e-42a8-8de8-b1208baa4563
TRUE,B0BVGKTF15,B0B15NZVJR,eyeglass cleaner spray,2,kw,4,1,"5,219",0,329.74,0,28,1,"5,219",486.96,0.53,-0.93,4,1,"5,219",54.08,5.69,-0.75,1,5,0,0,0,-1.97,6.46,1.2,103,9bbe5b2f-c57e-42a8-8de8-b1208baa4563
TRUE,B0BVGKTF15,B0B15NZVJR,eyeglasses cleaner,2,kw,7,1,"4,584",0,258.14,0,100,2.37,"1,400",1923,0,-0.94,6,1.04,"4,353",90.13,2.55,-0.75,1,11,0,0,0,-1.89,6.46,1.2,103,9bbe5b2f-c57e-42a8-8de8-b1208baa4563
TRUE,B0BVGKTF15,B0B15NZVJR,lens cleaner for eyeglasses,2,kw,7,1,"2,303",0,131.29,0,73,1.01,"2,272",1302.69,0,-0.97,6,1,"2,303",90.13,1.28,-0.88,1,9,0,0,0,-1.96,6.46,1.2,103,9bbe5b2f-c57e-42a8-8de8-b1208baa4563
FALSE,B0BVGKTF15,B0B15NZVJR,eyeglass cleaner wipes,2,kw,61,1,3347.67,0,68.29,-1,16,52.1,1.58,270.45,0,-2.93,47,1,3347.67,830.26,0.1,-1.75,1,55,0,0,0,-2.89,6.46,1.2,103,9bbe5b2f-c57e-42a8-8de8-b1208baa4563
TRUE,B0BVGKTF15,B0B15NZVJR,eyeglass lens cleaner,2,kw,4,1,803,0,50.5,0,32,1,803,559.18,0,-0.97,4,1,803,54.08,0.93,-0.88,1,6,0,0,0,-1.96,6.46,1.2,103,9bbe5b2f-c57e-42a8-8de8-b1208baa4563
FALSE,B0BVGKTF15,B0B15NZVJR,eyeglass cleaners,2,kw,7,1,959.36,0,39.75,-1,44,9.21,30.78,776,0,-2.73,7,1,959.36,108.16,0.3,-1.75,1,16,0,0,0,-2.89,6.46,1.2,103,9bbe5b2f-c57e-42a8-8de8-b1208baa4563
TRUE,B0BVGKTF15,B0B15NZVJR,eyeglass spray cleaner,2,kw,3,1,591,0,34.4,0,20,1,591,342.6,0,-0.97,3,1,591,36.05,0.89,-0.88,1,3,0,0,0,-1.96,6.46,1.2,103,9bbe5b2f-c57e-42a8-8de8-b1208baa4563
TRUE,B0BVGKTF15,B0B15NZVJR,eyeglasses cleaner spray,2,kw,4,1,558,0,34.35,0,20,1,558,342.6,0,-0.97,3,1.18,438,36.05,0.69,-0.88,1,5,0,0,0,-1.96,6.46,1.2,103,9bbe5b2f-c57e-42a8-8de8-b1208baa4563
TRUE,B0BVGKTF15,B0B15NZVJR,eyeglass lens cleaner spray,2,kw,3,1,368,0,24.78,0,13,1,368,216.35,0,-0.98,3,1,368,36.05,0.5,-0.82,1,3,0,0,0,-1.98,6.46,1.2,103,9bbe5b2f-c57e-42a8-8de8-b1208baa4563
TRUE,B0BVGKTF15,B0B15NZVJR,lens cleaner spray for eyeglasses,2,kw,4,1,402,0,23.83,0,24,1,402,414.77,0,-0.98,4,1,402,54.08,0.44,-0.82,1,5,0,0,0,-1.98,6.46,1.2,103,9bbe5b2f-c57e-42a8-8de8-b1208baa4563
TRUE,B0BVGKTF15,B0B15NZVJR,best eyeglass cleaner,2,kw,4,1,361,0,19.74,0,28,1,361,486.96,0,-0.97,4,1,361,54.08,0.4,-0.88,1,6,0,0,0,-1.96,6.46,1.2,103,9bbe5b2f-c57e-42a8-8de8-b1208baa4563
FALSE,B0BVGKTF15,B0B15NZVJR,eyeglass cleaner￼,2,kw,7,1,265.53,0,14.05,-1,58,1,265.53,1029.53,0,-1.94,7,1,265.53,108.16,0.2,-1.75,1,8,0,0,0,-2.89,6.46,1.2,103,9bbe5b2f-c57e-42a8-8de8-b1208baa4563
FALSE,B0BVGKTF15,B0B15NZVJR,lens cleaners for eyeglasses wipes,2,kw,8,50.97,2.12,0,0.19,-1.98,36,59.89,0.72,631.42,0,-2.94,54,21.83,16.62,957,0,-2.63,1,66,0,0,0,-2.89,6.46,1.2,103,9bbe5b2f-c57e-42a8-8de8-b1208baa4563
FALSE,B0BVGKTF15,B0B15NZVJR,eyeglass cleaner cloth,2,kw,11,105.79,0.63,0,0,-2,38,119.66,0.17,667.55,0,-2.94,12,103.31,0.72,198.31,0,-2.75,1,126,0,0,0,-2.89,6.46,1.2,103,9bbe5b2f-c57e-42a8-8de8-b1208baa4563
TRUE,B0BVGKTF15,B0B15NZVJR,lens cleaner spray,3,sr_rc,4,1.07,"6,282",0,349.94,0,24,1,"6,930",414.77,0.64,-0.96,4,1,"6,930",54.08,6.56,-0.88,1,5,0,0,0,-1.98,6.46,1.1,103,9bbe5b2f-c57e-42a8-8de8-b1208baa4563
TRUE,B0BVGKTF15,B0B15NZVJR,lens cleaner,3,sr_rc,6,1,"14,745",0,771.38,0,42,1,"14,745",739.84,0.59,-0.93,6,1,"14,745",90.13,7.86,-0.88,1,8,0,0,0,-1.97,6.46,1.1,103,9bbe5b2f-c57e-42a8-8de8-b1208baa4563
FALSE,B0BVGKTF15,B0B15NZVJR,lens cleaners,3,sr_rc,13,1,1062.63,0,47.42,-1,44,11.46,24.22,776,0,-2.8,12,1,1062.63,198.31,0.16,-1.88,1,19,0,0,0,-2.96,6.46,1.1,103,9bbe5b2f-c57e-42a8-8de8-b1208baa4563
FALSE,B0BVGKTF15,B0B15NZVJR,lens spray,3,sr_rc,5,1,369.12,0,19.54,-1,32,1,369.12,559.18,0,-1.98,5,1,369.12,72.1,0.19,-1.82,1,6,0,0,0,-2.98,6.46,1.1,103,9bbe5b2f-c57e-42a8-8de8-b1208baa4563
FALSE,B0BVGKTF15,B0B15NZVJR,eye glass cleaner spray and cloths,4,sr_rc,3,1,924.64,0,59.88,-1,20,1,924.64,342.6,0.2,-1.93,3,1,924.64,36.05,1.45,-1.82,1,4,0,0,0,-2.97,6.46,1.2,103,9bbe5b2f-c57e-42a8-8de8-b1208baa4563
FALSE,B0BVGKTF15,B0B15NZVJR,eye glass cleaners cloth,4,sr_rc,42,1,488.95,0,15.16,-1,17,33.56,0.7,288.49,0,-2.94,29,1,488.95,505.02,0,-1.75,1,37,0,0,0,-2.89,6.46,1.2,103,9bbe5b2f-c57e-42a8-8de8-b1208baa4563
FALSE,B0BVGKTF15,B0B15NZVJR,eye glass cloth,4,sr_rc,25,119.52,0.55,0,0,-2.73,17,160.49,0.03,288.49,0,-2.96,25,114.81,0.63,432.82,0,-2.88,1,164,0,0,0,-2.93,6.46,1.2,103,9bbe5b2f-c57e-42a8-8de8-b1208baa4563
FALSE,B0BVGKTF15,B0B15NZVJR,eye glass spray,4,sr_rc,7,1,417.69,0,23.36,-1,32,1.02,406.26,559.18,0,-1.98,7,1,417.69,108.16,0.21,-1.75,1,6,0,0,0,-2.98,6.46,1.2,103,9bbe5b2f-c57e-42a8-8de8-b1208baa4563
FALSE,B0BVGKTF15,B0B15NZVJR,eye glasses cleaner cloth,4,sr_rc,33,1,2260.26,0,77.81,-1,27,32.4,4.52,468.91,0,-2.91,24,1,2260.26,414.77,0.14,-1.75,1,37,0,0,0,-2.89,6.46,1.2,103,9bbe5b2f-c57e-42a8-8de8-b1208baa4563
FALSE,B0BVGKTF15,B0B15NZVJR,glasses cleaner spray and cloth,4,sr_rc,4,1,351.56,0,23.77,-1,36,1,351.56,631.42,0,-1.94,4,1,351.56,54.08,0.51,-1.75,1,7,0,0,0,-2.89,6.46,1.2,103,9bbe5b2f-c57e-42a8-8de8-b1208baa4563
FALSE,B0BVGKTF15,B0B15NZVJR,glasses spray,4,sr_rc,8,1.09,712.5,0,33.29,0,100,1.17,648.58,1923,0,-0.94,8,1,798.31,126.19,0.34,-0.75,1,11,0,0,0,-1.89,6.46,1.2,103,9bbe5b2f-c57e-42a8-8de8-b1208baa4563
FALSE,B0BVGKTF15,B0B15NZVJR,alcohol free eyeglass cleaner,5,sr_rc,3,1.2,107.05,0,5.72,-1.26,39,1,138.68,685.62,0,-1.98,3,1.06,127.77,36.05,0.2,-1.87,1,6,0,0,0,-2.89,6.46,1.1,103,9bbe5b2f-c57e-42a8-8de8-b1208baa4563
FALSE,B0BVGKTF15,B0B15NZVJR,alcohol free lens cleaner,5,sr_rc,4,1,84.01,0,4.57,-1.42,27,1,84.01,468.78,0,-2.36,4,1,84.01,54.06,0,-2.17,1,5,0,0,0,-2.89,6.46,1.1,103,9bbe5b2f-c57e-42a8-8de8-b1208baa4563
FALSE,B0BVGKTF15,B0B15NZVJR,anti fog glass cleaner,6,sr_rc,96,1,138.85,0,0.35,-1.04,40,65.38,0.09,703.69,0,-2.97,74,1,138.85,1321.01,0,-1.97,1,72,0,0,0,-2.96,6.46,1.2,103,9bbe5b2f-c57e-42a8-8de8-b1208baa4563
FALSE,B0BVGKTF15,B0B15NZVJR,anti fog glasses cleaner,6,sr_rc,72,1,143.31,0,2.23,-1.01,47,51.86,0.15,830.26,0,-2.97,53,1,143.31,938.88,0,-1.94,1,59,0,0,0,-2.96,6.46,1.2,103,9bbe5b2f-c57e-42a8-8de8-b1208baa4563
FALSE,B0BVGKTF15,B0B15NZVJR,anti fog lens cleaner,6,sr_rc,48,1,124.93,0,3.53,-1.14,40,41.31,0.21,703.69,0,-2.97,39,1,124.93,685.62,0,-2.07,1,48,0,0,0,-2.96,6.46,1.2,103,9bbe5b2f-c57e-42a8-8de8-b1208baa4563
FALSE,B0BVGKTF15,B0B15NZVJR,eye glasses cleaner wipes anti fog,6,sr_rc,80,1,166.67,0,1.8,-1,40,48.53,0.19,703.69,0,-2.94,59,1,166.67,1047.67,0,-1.75,1,55,0,0,0,-2.89,6.46,1.2,103,9bbe5b2f-c57e-42a8-8de8-b1208baa4563
FALSE,B0BVGKTF15,B0B15NZVJR,anti fog goggle spray,7,sr_rc,100,39.76,1.49,0,0,-1.88,40,63.59,0.14,703.69,0,-1.97,100,31.24,2.57,1923,0,-1.91,1,68,0,0,0,-1.96,6.46,1.1,103,9bbe5b2f-c57e-42a8-8de8-b1208baa4563
FALSE,B0BVGKTF15,B0B15NZVJR,anti glare spray,8,sr_rc,16,1,37.71,0,1.68,-1.74,100,2.44,11.18,1923,0,-2.86,16,1,37.71,270.45,0,-2.49,1,12,0,0,0,-2.89,6.46,1.2,103,9bbe5b2f-c57e-42a8-8de8-b1208baa4563
FALSE,B0BVGKTF15,B0B15NZVJR,anti smudge for eyeglasses,9,sr_rc,59,1,205.87,0,4.86,-1,40,29.73,0.64,703.69,0,-2.97,44,1,205.87,776,0,-1.93,1,36,0,0,0,-2.96,6.46,1.1,103,9bbe5b2f-c57e-42a8-8de8-b1208baa4563
FALSE,B0BVGKTF15,B0B15NZVJR,antifog for glasses,10,sr_rc,28,111.35,0.09,0,0,-2.89,40,145.79,0.01,703.69,0,-2.97,33,101.7,0.12,577.24,0,-2.93,1,152,0,0,0,-2.96,6.46,1.2,103,9bbe5b2f-c57e-42a8-8de8-b1208baa4563
FALSE,B0BVGKTF15,B0B15NZVJR,antifog spray for glasses,10,sr_rc,79,1,160.18,0,1.91,-1,40,54.93,0.09,703.69,0,-2.94,65,1,160.18,1156.7,0,-1.75,1,59,0,0,0,-2.89,6.46,1.2,103,9bbe5b2f-c57e-42a8-8de8-b1208baa4563
FALSE,B0BVGKTF15,B0B15NZVJR,antifog lens spray,11,sr_rc,80,1,1608.68,0,16.8,-1,40,56.76,1.45,703.69,0,-2.96,60,1,1608.68,1065.82,0,-1.93,1,64,0,0,0,-2.96,6.46,1.1,103,9bbe5b2f-c57e-42a8-8de8-b1208baa4563
FALSE,B0BVGKTF15,B0B15NZVJR,antifog spray,11,sr_rc,100,55.03,1.87,0,0,-1.88,98,96.03,0.24,1804.72,0,-1.97,100,41.86,3.2,1923,0,-1.91,1,109,0,0,0,-1.96,6.46,1.1,103,9bbe5b2f-c57e-42a8-8de8-b1208baa4563
FALSE,B0BVGKTF15,B0B15NZVJR,best eye glass cleaner,12,sr_rc,5,1,126.99,0,6.53,-1.12,46,1.01,125.29,812.17,0,-2.08,4,1.15,105,54.08,0,-2.03,1,8,0,0,0,-2.89,6.46,1.2,103,9bbe5b2f-c57e-42a8-8de8-b1208baa4563
FALSE,B0BVGKTF15,B0B15NZVJR,best eye glasses cleaner,12,sr_rc,5,1,1037.16,0,53.77,-1,47,1,1037.16,830.26,0,-1.94,5,1,1037.16,72.1,0.77,-1.75,1,8,0,0,0,-2.89,6.46,1.2,103,9bbe5b2f-c57e-42a8-8de8-b1208baa4563
FALSE,B0BVGKTF15,B0B15NZVJR,best glasses cleaner,12,sr_rc,6,1,131.53,0,6.87,-1.09,34,1,131.53,595.29,0,-2.03,6,1,131.53,90.13,0,-1.84,1,7,0,0,0,-2.89,6.46,1.2,103,9bbe5b2f-c57e-42a8-8de8-b1208baa4563
FALSE,B0BVGKTF15,B0B15NZVJR,eye glass cleaner best,12,sr_rc,4,1,753.6,0,43.01,-1,27,1,753.6,468.91,0,-1.94,4,1,753.6,54.08,0.64,-1.75,1,5,0,0,0,-2.89,6.46,1.2,103,9bbe5b2f-c57e-42a8-8de8-b1208baa4563
FALSE,B0BVGKTF15,B0B15NZVJR,the best eye glasses cleaner,12,sr_rc,6,1,204.55,0,10.38,-1,69,1.01,201.85,1229.58,0,-1.94,6,1,204.55,90.13,0.19,-1.75,1,9,0,0,0,-2.89,6.46,1.2,103,9bbe5b2f-c57e-42a8-8de8-b1208baa4563
FALSE,B0BVGKTF15,B0B15NZVJR,camera lens cleaner,13,sr_rc,71,1.99,1043.49,0,18.11,0,40,49.21,3.57,703.69,0,-1.92,52,1,2487.67,920.77,0.11,-0.75,1,58,0,0,0,-1.89,6.46,1.1,103,9bbe5b2f-c57e-42a8-8de8-b1208baa4563
FALSE,B0BVGKTF15,B0B15NZVJR,camera lens cleaning solution,14,sr_rc,8,1,137.25,0,6.77,-1.05,94,1,137.25,1702.5,0,-1.99,8,1,137.25,126.19,0,-1.8,1,13,0,0,0,-2.89,6.46,1.2,103,9bbe5b2f-c57e-42a8-8de8-b1208baa4563
FALSE,B0BVGKTF15,B0B15NZVJR,lens cleaning solution,14,sr_rc,9,1,320.38,0,16.73,-1,81,1,320.38,1450.07,0,-1.97,9,1,320.38,144.22,0.19,-1.82,1,11,0,0,0,-2.96,6.46,1.2,103,9bbe5b2f-c57e-42a8-8de8-b1208baa4563
FALSE,B0BVGKTF15,B0B15NZVJR,clean glasses wipes,15,sr_rc,98,16.44,9.08,0,0.01,-1.94,47,67.59,0.22,830.26,0,-2.94,98,6.02,35.92,1804.72,0,-2.5,1,75,0,0,0,-2.89,6.46,1.1,103,9bbe5b2f-c57e-42a8-8de8-b1208baa4563
FALSE,B0BVGKTF15,B0B15NZVJR,eye glass wipes lens cleaning,15,sr_rc,78,21.64,8.24,0,0.1,-1.94,37,63.79,0.3,649.48,0,-2.94,78,12.63,18.53,1394.55,0,-2.62,1,70,0,0,0,-2.89,6.46,1.1,103,9bbe5b2f-c57e-42a8-8de8-b1208baa4563
FALSE,B0BVGKTF15,B0B15NZVJR,glasses cleaning wipes,15,sr_rc,22,154.62,1.04,0,0,-1.99,44,178.79,0.2,776,0,-2.94,33,140.2,1.7,577.24,0,-2.74,1,186,0,0,0,-2.89,6.46,1.1,103,9bbe5b2f-c57e-42a8-8de8-b1208baa4563
FALSE,B0BVGKTF15,B0B15NZVJR,wipes for glasses,15,sr_rc,39,82.03,3.25,0,0.13,-1.98,44,123.51,0.28,776,0,-2.94,39,76.34,3.95,685.62,0,-2.72,1,130,0,0,0,-2.89,6.46,1.1,103,9bbe5b2f-c57e-42a8-8de8-b1208baa4563
FALSE,B0BVGKTF15,B0B15NZVJR,clear view lens cleaner,16,sr_rc,11,1,762.66,0,39.55,-1,47,6.89,41.7,830.26,0,-2.69,11,1,762.66,180.28,0.19,-1.88,1,14,0,0,0,-2.98,6.46,1.2,103,9bbe5b2f-c57e-42a8-8de8-b1208baa4563
FALSE,B0BVGKTF15,B0B15NZVJR,clear view lens cleaner spray,16,sr_rc,5,1,268.01,0,12.83,-1,54,1,268.01,957,0,-1.98,5,1,268.01,72.1,0.17,-1.88,1,8,0,0,0,-2.98,6.46,1.2,103,9bbe5b2f-c57e-42a8-8de8-b1208baa4563
FALSE,B0BVGKTF15,B0B15NZVJR,clear vision glass cleaner,17,sr_rc,38,1,1012.91,0,32.8,-1,39,18.11,9.16,685.62,0,-2.88,25,1,1012.91,432.82,0.14,-1.75,1,25,0,0,0,-2.89,6.46,1.1,103,9bbe5b2f-c57e-42a8-8de8-b1208baa4563
FALSE,B0BVGKTF15,B0B15NZVJR,cloth to clean eye glasses,18,sr_rc,15,63.77,0.61,0,0,-2,36,81.37,0.13,631.42,0,-2.94,65,32.3,3.06,1156.7,0,-2.73,1,88,0,0,0,-2.89,6.46,1.2,103,9bbe5b2f-c57e-42a8-8de8-b1208baa4563
FALSE,B0BVGKTF15,B0B15NZVJR,eye glass cleaning,18,sr_rc,10,1,278.65,0,13.58,-1,44,10.45,7.52,776,0,-2.89,10,1,278.65,162.25,0,-1.75,1,18,0,0,0,-2.89,6.46,1.2,103,9bbe5b2f-c57e-42a8-8de8-b1208baa4563
FALSE,B0BVGKTF15,B0B15NZVJR,eye glass cloths for cleaning,18,sr_rc,18,70.08,1.05,0,0,-1.99,17,101.48,0.07,288.49,0,-2.94,18,66.39,1.24,306.53,0,-2.74,1,105,0,0,0,-2.89,6.46,1.2,103,9bbe5b2f-c57e-42a8-8de8-b1208baa4563
FALSE,B0BVGKTF15,B0B15NZVJR,eye glasses microfiber cleaning cloths,18,sr_rc,17,110.12,0.12,0,0,-2,36,128.27,0.02,631.42,0,-2.94,38,86.05,0.33,667.55,0,-2.75,1,134,0,0,0,-2.89,6.46,1.2,103,9bbe5b2f-c57e-42a8-8de8-b1208baa4563
FALSE,B0BVGKTF15,B0B15NZVJR,micro fiber cloth for cleaning eye glasses,18,sr_rc,75,26.39,2.11,0,0.05,-1.98,31,79.26,0.05,541.12,0,-2.94,75,19.05,3.49,1339.36,0,-2.73,1,84,0,0,0,-2.89,6.46,1.2,103,9bbe5b2f-c57e-42a8-8de8-b1208baa4563
FALSE,B0BVGKTF15,B0B15NZVJR,cloudy glassware cleaner,19,sr_rc,76,1,52.62,0,0.68,-1.64,41,54.76,0.04,721.56,0,-2.94,57,1,52.62,1011.11,0,-2.39,1,61,0,0,0,-2.89,6.46,1.1,103,9bbe5b2f-c57e-42a8-8de8-b1208baa4563
FALSE,B0BVGKTF15,B0B15NZVJR,contact lens cleaning solution,20,sr_rc,26,81.91,0.28,0,0,-2,27,104.69,0.04,468.91,0,-2.94,26,76.8,0.35,450.87,0,-2.75,1,110,0,0,0,-2.89,6.46,1.2,103,9bbe5b2f-c57e-42a8-8de8-b1208baa4563
FALSE,B0BVGKTF15,B0B15NZVJR,contact lens solution,20,sr_rc,74,113.25,43.27,0,0.61,-1.7,35,162.51,3.34,613.36,0,-2.92,74,103.08,56.98,1321.01,0,-2.36,1,169,0,0,0,-2.89,6.46,1.2,103,9bbe5b2f-c57e-42a8-8de8-b1208baa4563
FALSE,B0BVGKTF15,B0B15NZVJR,eye glass cleaner kit,21,sr_rc,9,1,501.53,0,27.68,0,26,15.17,5.01,450.87,0,-1.9,9,1,501.53,144.22,0.21,-0.75,1,20,0,0,0,-1.89,6.46,1.1,103,9bbe5b2f-c57e-42a8-8de8-b1208baa4563
FALSE,B0BVGKTF15,B0B15NZVJR,eye glass cleaner kit with case,21,sr_rc,12,1.03,358.24,0,17.29,-1,10,19.42,0.87,162.25,0,-2.93,11,1,372.04,180.28,0.18,-1.75,1,21,0,0,0,-2.89,6.46,1.1,103,9bbe5b2f-c57e-42a8-8de8-b1208baa4563
FALSE,B0BVGKTF15,B0B15NZVJR,eye glass kit,21,sr_rc,50,1,540.77,0,14.1,-1,3,55.93,0.08,36.05,0,-2.94,44,1,540.77,776,0,-1.75,1,57,0,0,0,-2.89,6.46,1.1,103,9bbe5b2f-c57e-42a8-8de8-b1208baa4563
FALSE,B0BVGKTF15,B0B15NZVJR,eye glasses cleaner kit,21,sr_rc,8,1,1240.49,0,72,0,55,7.85,54.22,975.12,0,-1.57,8,1,1240.49,126.19,0.43,-0.75,1,15,0,0,0,-1.89,6.46,1.1,103,9bbe5b2f-c57e-42a8-8de8-b1208baa4563
FALSE,B0BVGKTF15,B0B15NZVJR,eye glass cleaner wipe,22,sr_rc,16,71.52,7.56,0,0.35,-1.95,31,92.92,1.08,541.12,0,-2.93,88,28.58,57.42,1581.91,0,-2.35,1,98,0,0,0,-2.89,6.46,1.2,103,9bbe5b2f-c57e-42a8-8de8-b1208baa4563
FALSE,B0BVGKTF15,B0B15NZVJR,eye glass cleaner wipes,22,sr_rc,18,64.27,4.87,0,0.17,-1.97,36,89.99,0.63,631.42,0,-2.94,78,24.61,33.51,1394.55,0,-2.52,1,96,0,0,0,-2.89,6.46,1.2,103,9bbe5b2f-c57e-42a8-8de8-b1208baa4563
FALSE,B0BVGKTF15,B0B15NZVJR,eye glass lens cleaner wipes,22,sr_rc,9,60.66,0.44,0,0,-2,26,73.36,0.1,450.87,0,-2.94,63,23.29,4.22,1120.32,0,-2.72,1,78,0,0,0,-2.89,6.46,1.2,103,9bbe5b2f-c57e-42a8-8de8-b1208baa4563
FALSE,B0BVGKTF15,B0B15NZVJR,eye glass wipes,22,sr_rc,100,38.26,29.55,0,0.01,-1.8,36,112.14,0.63,631.42,0,-2.94,100,29.1,45.51,1923,0,-2.44,1,118,0,0,0,-2.89,6.46,1.2,103,9bbe5b2f-c57e-42a8-8de8-b1208baa4563
FALSE,B0BVGKTF15,B0B15NZVJR,eye glasses cleaner wipes cloth,22,sr_rc,66,29.16,4.99,0,0.07,-1.97,25,76.36,0.15,432.82,0,-2.94,66,21.64,8.12,1174.9,0,-2.69,1,81,0,0,0,-2.89,6.46,1.2,103,9bbe5b2f-c57e-42a8-8de8-b1208baa4563
FALSE,B0BVGKTF15,B0B15NZVJR,eye glass cleaners individual packets,23,sr_rc,56,1,1376.93,0,32.95,-1,28,37.18,2.14,486.96,0,-2.95,42,1,1376.93,739.84,0,-1.93,1,42,0,0,0,-2.96,6.46,1.1,103,9bbe5b2f-c57e-42a8-8de8-b1208baa4563
FALSE,B0BVGKTF15,B0B15NZVJR,eye glass cleaners spray refill,24,sr_rc,3,1.08,375.34,0,22.32,-1,13,1,422.4,216.35,0,-1.98,3,1,422.4,36.05,0.69,-1.91,1,4,0,0,0,-2.98,6.46,1.2,103,9bbe5b2f-c57e-42a8-8de8-b1208baa4563
FALSE,B0BVGKTF15,B0B15NZVJR,glass cleaner refill,24,sr_rc,100,16.85,67.81,0,0.03,-2.26,27,87.88,0.67,468.91,0,-2.97,100,6.85,227.83,1923,0,-1.93,1,93,0,0,0,-2.96,6.46,1.2,103,9bbe5b2f-c57e-42a8-8de8-b1208baa4563
FALSE,B0BVGKTF15,B0B15NZVJR,eye glass cleaning kit,25,sr_rc,6,1,1422.71,0,91.7,0,100,2.09,526,1923,0,-0.94,6,1,1422.71,90.13,0.97,-0.75,1,12,0,0,0,-1.89,6.46,1.1,103,9bbe5b2f-c57e-42a8-8de8-b1208baa4563
FALSE,B0BVGKTF15,B0B15NZVJR,eye glass cleaning kit and case,25,sr_rc,12,1,1024.2,0,50.28,-1,55,12.69,19,975.12,0,-2.81,12,1,1024.2,198.31,0.18,-1.75,1,20,0,0,0,-2.89,6.46,1.1,103,9bbe5b2f-c57e-42a8-8de8-b1208baa4563
FALSE,B0BVGKTF15,B0B15NZVJR,eye glasses cleaning kits,25,sr_rc,6,1,132.67,0,6.78,-1.08,55,6.29,9.13,975.12,0,-2.88,6,1,132.67,90.13,0,-1.83,1,15,0,0,0,-2.89,6.46,1.1,103,9bbe5b2f-c57e-42a8-8de8-b1208baa4563
TRUE,B0BVGKTF15,B0B15NZVJR,glasses cleaning kit,25,sr_rc,9,1,"7,461",0,413.94,0,44,8.21,294,776,0,-0.94,9,1,"7,461",144.22,2.69,-0.75,1,15,0,0,0,-1.89,6.46,1.1,103,9bbe5b2f-c57e-42a8-8de8-b1208baa4563
FALSE,B0BVGKTF15,B0B15NZVJR,eye glass scratch remover for lenses,26,sr_rc,36,1,695.5,0,24.45,-1,36,27.36,2.35,631.42,0,-2.92,30,1,695.5,523.07,0,-1.75,1,33,0,0,0,-2.89,6.46,1.2,103,9bbe5b2f-c57e-42a8-8de8-b1208baa4563
FALSE,B0BVGKTF15,B0B15NZVJR,eye glasses scratch remover for lenses,26,sr_rc,52,1,83.09,0,2.27,-1.43,17,40.48,0.08,288.41,0,-2.94,41,1,83.09,721.56,0,-2.18,1,44,0,0,0,-2.89,6.46,1.2,103,9bbe5b2f-c57e-42a8-8de8-b1208baa4563
FALSE,B0BVGKTF15,B0B15NZVJR,glasses scratch remover,26,sr_rc,100,11.97,29.83,0,0.02,-1.79,51,66.23,0.51,902.66,0,-2.94,100,1.59,411.07,1923,0,-1.75,1,74,0,0,0,-2.89,6.46,1.2,103,9bbe5b2f-c57e-42a8-8de8-b1208baa4563
FALSE,B0BVGKTF15,B0B15NZVJR,remove scratches from eye glasses,26,sr_rc,85,1,86,0,0.76,-1.41,20,44.56,0.07,342.51,0,-2.94,61,1,86,1083.68,0,-2.16,1,48,0,0,0,-2.89,6.46,1.2,103,9bbe5b2f-c57e-42a8-8de8-b1208baa4563
FALSE,B0BVGKTF15,B0B15NZVJR,eyeglass care products,27,sr_rc,16,1,125.89,0,5.89,-1.13,30,24.18,0.48,523.07,0,-2.94,14,1,125.89,234.38,0,-1.88,1,29,0,0,0,-2.89,6.46,1.1,103,9bbe5b2f-c57e-42a8-8de8-b1208baa4563
TRUE,B0BVGKTF15,B0B15NZVJR,eyeglass cleaner for coated lenses,28,sr_rc,3,1,103,0,5.36,-0.29,12,1,103,198.31,0,-1.27,3,1,103,36.05,0.19,-1.2,1,3,0,0,0,-1.98,6.46,1.2,103,9bbe5b2f-c57e-42a8-8de8-b1208baa4563
TRUE,B0BVGKTF15,B0B15NZVJR,lense cleaner,28,sr_rc,5,1,417,0,19.33,0,34,1,417,595.29,0,-0.97,4,1.15,344,54.08,0.36,-0.88,1,7,0,0,0,-1.96,6.46,1.2,103,9bbe5b2f-c57e-42a8-8de8-b1208baa4563
FALSE,B0BVGKTF15,B0B15NZVJR,eyeglass cleaner refill,29,sr_rc,5,1,436.48,0,24.41,-1,62,1,436.48,1102.15,0,-1.97,5,1,436.48,72.1,0.21,-1.88,1,8,0,0,0,-2.96,6.46,1.1,103,9bbe5b2f-c57e-42a8-8de8-b1208baa4563
FALSE,B0BVGKTF15,B0B15NZVJR,eyeglass cleaner spray refill,29,sr_rc,6,1,229.65,0,11.21,-1,84,1,229.65,1506.05,0,-1.98,5,1.07,209.23,72.1,0.19,-1.93,1,7,0,0,0,-2.98,6.46,1.1,103,9bbe5b2f-c57e-42a8-8de8-b1208baa4563
FALSE,B0BVGKTF15,B0B15NZVJR,eyeglass cleaner tool,30,sr_rc,20,1,334.46,0,14.72,-1,26,23.36,1.34,450.87,0,-2.93,18,1,334.46,306.53,0,-1.75,1,28,0,0,0,-2.89,6.46,1.2,103,9bbe5b2f-c57e-42a8-8de8-b1208baa4563
FALSE,B0BVGKTF15,B0B15NZVJR,eyeglass cleaning tool,30,sr_rc,74,16.18,3.31,0,0.06,-1.98,36,59.89,0.09,631.42,0,-2.94,74,7.18,10.35,1321.01,0,-2.68,1,66,0,0,0,-2.89,6.46,1.2,103,9bbe5b2f-c57e-42a8-8de8-b1208baa4563
FALSE,B0BVGKTF15,B0B15NZVJR,eyeglass cleaning,31,sr_rc,22,1.02,453.89,0,17.71,-1,40,18.45,3.92,703.69,0,-2.91,19,1,465.48,324.56,0,-1.75,1,25,0,0,0,-2.89,6.46,1.1,103,9bbe5b2f-c57e-42a8-8de8-b1208baa4563
FALSE,B0BVGKTF15,B0B15NZVJR,eyeglass cleaning cloth,31,sr_rc,18,92.74,9.88,0,0.32,-1.93,16,117.86,0.84,270.45,0,-2.94,18,89.26,11.59,306.53,0,-2.74,1,121,0,0,0,-2.91,6.46,1.1,103,9bbe5b2f-c57e-42a8-8de8-b1208baa4563
TRUE,B0BVGKTF15,B0B15NZVJR,eyeglass cleaning kit,31,sr_rc,9,1,"2,888",0,189.48,0,55,6.83,161,975.12,0,-0.94,8,1.06,"2,677",126.19,1.25,-0.75,1,14,0,0,0,-1.89,6.46,1.1,103,9bbe5b2f-c57e-42a8-8de8-b1208baa4563
TRUE,B0BVGKTF15,B0B15NZVJR,eyeglass cleaning spray,31,sr_rc,4,1,998,0,61.83,0,31,1,998,541.12,0,-0.97,4,1,998,54.08,1.15,-0.82,1,6,0,0,0,-1.96,6.46,1.1,103,9bbe5b2f-c57e-42a8-8de8-b1208baa4563
FALSE,B0BVGKTF15,B0B15NZVJR,eyeglass cloth for cleaning,31,sr_rc,17,86.18,1.1,0,0,-1.99,38,110.04,0.17,667.55,0,-2.94,17,84.97,1.17,288.49,0,-2.74,1,116,0,0,0,-2.89,6.46,1.1,103,9bbe5b2f-c57e-42a8-8de8-b1208baa4563
FALSE,B0BVGKTF15,B0B15NZVJR,eyeglasses cleaning cloths,31,sr_rc,17,85.25,0.61,0,0,-2,36,108.04,0.1,631.42,0,-2.94,17,83.89,0.66,288.49,0,-2.75,1,114,0,0,0,-2.89,6.46,1.1,103,9bbe5b2f-c57e-42a8-8de8-b1208baa4563
FALSE,B0BVGKTF15,B0B15NZVJR,eyeglasses cleaning kit,31,sr_rc,6,1,406.7,0,22.24,-1,86,1,406.7,1543.75,0,-1.94,6,1,406.7,90.13,0.2,-1.75,1,9,0,0,0,-2.89,6.46,1.1,103,9bbe5b2f-c57e-42a8-8de8-b1208baa4563
FALSE,B0BVGKTF15,B0B15NZVJR,eyeglasses cleaning wipes,31,sr_rc,14,89.98,0.25,0,0,-2,36,108.2,0.05,631.42,0,-2.94,14,88.96,0.27,234.38,0,-2.75,1,114,0,0,0,-2.89,6.46,1.1,103,9bbe5b2f-c57e-42a8-8de8-b1208baa4563
FALSE,B0BVGKTF15,B0B15NZVJR,glass cleaning cloths for eyeglasses,31,sr_rc,16,100.78,0.1,0,0,-2,36,122.16,0.02,631.42,0,-2.94,16,99.61,0.11,270.45,0,-2.75,1,128,0,0,0,-2.89,6.46,1.1,103,9bbe5b2f-c57e-42a8-8de8-b1208baa4563
FALSE,B0BVGKTF15,B0B15NZVJR,eyeglass scratch remover,32,sr_rc,100,5.97,112.54,0,0.06,-1.22,27,66.63,0.44,468.91,0,-2.94,92,1,1094.69,1660.67,0,-1.75,1,71,0,0,0,-2.89,6.46,1.2,103,9bbe5b2f-c57e-42a8-8de8-b1208baa4563
FALSE,B0BVGKTF15,B0B15NZVJR,scratch remover for eyeglasses,32,sr_rc,81,1,1065.01,0,11.92,-1,21,55.32,0.55,360.64,0,-2.94,60,1,1065.01,1065.82,0,-1.75,1,59,0,0,0,-2.89,6.46,1.2,103,9bbe5b2f-c57e-42a8-8de8-b1208baa4563
FALSE,B0BVGKTF15,B0B15NZVJR,eyeglass spray,33,sr_rc,7,1,338.98,0,16.66,-1,100,1.88,139.13,1923,0,-2.02,7,1,338.98,108.16,0.18,-1.88,1,8,0,0,0,-2.98,6.46,1.1,103,9bbe5b2f-c57e-42a8-8de8-b1208baa4563
FALSE,B0BVGKTF15,B0B15NZVJR,lens spray for eyeglasses,33,sr_rc,5,1,584.87,0,34.08,-1,25,1,584.87,432.82,0,-1.98,5,1,584.87,72.1,0.43,-1.88,1,5,0,0,0,-2.98,6.46,1.1,103,9bbe5b2f-c57e-42a8-8de8-b1208baa4563
FALSE,B0BVGKTF15,B0B15NZVJR,eyeglass wipes cloth,34,sr_rc,19,128.45,0.17,0,0,-2,29,157.28,0.02,505.02,0,-2.94,21,123.64,0.2,360.64,0,-2.75,1,162,0,0,0,-2.89,6.46,1.2,103,9bbe5b2f-c57e-42a8-8de8-b1208baa4563
FALSE,B0BVGKTF15,B0B15NZVJR,eyewear cleaner,35,sr_rc,9,1,243.98,0,13.79,0,44,7,12.89,776,0,-1.88,8,1.04,231.86,126.19,0,-0.93,1,14,0,0,0,-1.96,6.46,1.1,103,9bbe5b2f-c57e-42a8-8de8-b1208baa4563
FALSE,B0BVGKTF15,B0B15NZVJR,fog spray for glasses,36,sr_rc,79,1,176.57,0,2.02,-1,40,53.68,0.18,703.69,0,-2.97,63,1,176.57,1120.32,0,-1.93,1,61,0,0,0,-2.96,6.46,1.2,103,9bbe5b2f-c57e-42a8-8de8-b1208baa4563
FALSE,B0BVGKTF15,B0B15NZVJR,glass cleaning spray,37,sr_rc,27,1,166.39,0,7.25,0,53,21.66,1.3,938.88,0,-1.93,24,1,166.39,414.77,0,-0.75,1,31,0,0,0,-1.89,6.46,1.1,103,9bbe5b2f-c57e-42a8-8de8-b1208baa4563
TRUE,B0BVGKTF15,B0B15NZVJR,glasses cleaning spray,37,sr_rc,5,1,"1,033",0,65.21,0,33,1,"1,033",577.24,0,-0.94,5,1,"1,033",72.1,0.95,-0.75,1,6,0,0,0,-1.89,6.46,1.1,103,9bbe5b2f-c57e-42a8-8de8-b1208baa4563
FALSE,B0BVGKTF15,B0B15NZVJR,glass wipes for eyeglasses,38,sr_rc,25,108.02,3.38,0,0.15,-1.98,36,141.86,0.38,631.42,0,-2.94,27,102.19,4.13,468.91,0,-2.72,1,148,0,0,0,-2.89,6.46,1.2,103,9bbe5b2f-c57e-42a8-8de8-b1208baa4563
FALSE,B0BVGKTF15,B0B15NZVJR,glasses cleaning kit with case,39,sr_rc,53,1,84.36,0,2.27,-1.42,15,40.93,0.07,252.42,0,-2.94,38,1,84.36,667.55,0,-2.17,1,44,0,0,0,-2.89,6.46,1.1,103,9bbe5b2f-c57e-42a8-8de8-b1208baa4563
FALSE,B0BVGKTF15,B0B15NZVJR,glasses cleaning solution,40,sr_rc,4,1,295.33,0,18.91,-1,28,1,295.33,486.96,0,-1.94,4,1,295.33,54.08,0.24,-1.75,1,5,0,0,0,-2.89,6.46,1.2,103,9bbe5b2f-c57e-42a8-8de8-b1208baa4563
FALSE,B0BVGKTF15,B0B15NZVJR,glasses cleaning tool,41,sr_rc,58,1,99.04,0,2.29,-1.32,46,28.83,0.4,812.17,0,-2.94,39,1,99.04,685.62,0,-2.07,1,37,0,0,0,-2.89,6.46,1.1,103,9bbe5b2f-c57e-42a8-8de8-b1208baa4563
FALSE,B0BVGKTF15,B0B15NZVJR,glasses defogger for eyeglasses,42,sr_rc,88,1,220.29,0,1.47,-1,9,47.68,0.1,144.22,0,-2.97,61,1,220.29,1083.98,0,-1.93,1,50,0,0,0,-2.96,6.46,1.2,103,9bbe5b2f-c57e-42a8-8de8-b1208baa4563
FALSE,B0BVGKTF15,B0B15NZVJR,glasses lens cleaner cloth,43,sr_rc,9,49.25,0.26,0,0,-2,26,58.34,0.07,450.87,0,-2.94,52,20.42,2.23,920.77,0,-2.73,1,63,0,0,0,-2.89,6.46,1.1,103,9bbe5b2f-c57e-42a8-8de8-b1208baa4563
FALSE,B0BVGKTF15,B0B15NZVJR,glasses lens scratch remover,44,sr_rc,41,1,674.17,0,21.68,-1,37,26.7,2.62,649.48,0,-2.92,34,1,674.17,595.29,0,-1.75,1,33,0,0,0,-2.89,6.46,1.2,103,9bbe5b2f-c57e-42a8-8de8-b1208baa4563
FALSE,B0BVGKTF15,B0B15NZVJR,lens scratch remover for glasses,44,sr_rc,32,1,37.12,0,1.36,-1.74,55,18.86,0.32,975.12,0,-2.94,28,1,37.12,486.96,0,-2.49,1,26,0,0,0,-2.89,6.46,1.2,103,9bbe5b2f-c57e-42a8-8de8-b1208baa4563
FALSE,B0BVGKTF15,B0B15NZVJR,glasses wipes lens cleaner,45,sr_rc,8,101.08,3.15,0,0.19,-1.98,36,108.99,1.25,631.42,0,-2.93,8,100.46,3.31,126.19,0,-2.73,1,115,0,0,0,-2.89,6.46,1.1,103,9bbe5b2f-c57e-42a8-8de8-b1208baa4563
FALSE,B0BVGKTF15,B0B15NZVJR,lens cleaner wipes,45,sr_rc,20,112.54,8.75,0,0.34,-1.94,38,140.23,1.18,667.55,0,-2.93,20,111.25,9.21,342.6,0,-2.69,1,146,0,0,0,-2.89,6.46,1.1,103,9bbe5b2f-c57e-42a8-8de8-b1208baa4563
FALSE,B0BVGKTF15,B0B15NZVJR,highest rated eyeglass cleaner,46,sr_rc,5,1,165,0,9.14,0,36,1,165,631.42,0,-0.97,5,1,165,72.1,0.2,-0.75,1,7,0,0,0,-1.96,6.46,1.2,103,9bbe5b2f-c57e-42a8-8de8-b1208baa4563
FALSE,B0BVGKTF15,B0B15NZVJR,laser lens cleaner,47,sr_rc,27,1,103.85,0,4.08,-1.28,26,22.07,0.49,450.87,0,-2.94,25,1,103.85,432.82,0,-2.03,1,27,0,0,0,-2.89,6.46,1.1,103,9bbe5b2f-c57e-42a8-8de8-b1208baa4563
FALSE,B0BVGKTF15,B0B15NZVJR,lens cleaner kit,48,sr_rc,11,1,261.91,0,16.92,0,10,13.28,2.22,162.25,0,-1.92,10,1,261.91,162.25,0,-0.75,1,16,0,0,0,-1.89,6.46,1.2,103,9bbe5b2f-c57e-42a8-8de8-b1208baa4563
FALSE,B0BVGKTF15,B0B15NZVJR,lens cleaner refill,49,sr_rc,5,1,722.98,0,45.47,-1,94,1,722.98,1702.5,0,-1.97,5,1,722.98,72.1,0.47,-1.88,1,8,0,0,0,-2.96,6.46,1.1,103,9bbe5b2f-c57e-42a8-8de8-b1208baa4563
FALSE,B0BVGKTF15,B0B15NZVJR,lens cleaning kit,50,sr_rc,15,1,1522.1,0,75.46,0,40,18.21,14.79,703.69,0,-1.84,15,1,1522.1,252.42,0.37,-0.75,1,26,0,0,0,-1.89,6.46,1.2,103,9bbe5b2f-c57e-42a8-8de8-b1208baa4563
TRUE,B0BVGKTF15,B0B15NZVJR,lens cleaning spray,51,sr_rc,6,1,437,0,25.81,0,33,1,437,577.24,0,-0.97,5,1.1,382,72.1,0.22,-0.75,1,6,0,0,0,-1.96,6.46,1.1,103,9bbe5b2f-c57e-42a8-8de8-b1208baa4563
FALSE,B0BVGKTF15,B0B15NZVJR,lens cloths for eyeglasses,52,sr_rc,15,70.98,3.68,0,0.18,-1.98,31,98.87,0.39,541.12,0,-2.94,15,69.88,3.87,252.42,0,-2.72,1,104,0,0,0,-2.89,6.46,1.2,103,9bbe5b2f-c57e-42a8-8de8-b1208baa4563
FALSE,B0BVGKTF15,B0B15NZVJR,lens wipes for eyeglasses anti fog,53,sr_rc,32,86.84,0.52,0,0,-2,36,120.29,0.05,631.42,0,-2.94,32,81.81,0.63,559.18,0,-2.75,1,126,0,0,0,-2.89,6.46,1.1,103,9bbe5b2f-c57e-42a8-8de8-b1208baa4563
FALSE,B0BVGKTF15,B0B15NZVJR,lenses cleaner for glasses,54,sr_rc,7,1,1493.99,0,75.21,-1,83,1,1493.99,1487.32,0,-1.97,6,1,1493.99,90.13,0.75,-1.82,1,9,0,0,0,-2.96,6.46,1.2,103,9bbe5b2f-c57e-42a8-8de8-b1208baa4563
FALSE,B0BVGKTF15,B0B15NZVJR,lenses wipes for glasses,55,sr_rc,91,16.93,187.84,0,0.97,-1,38,72.8,3.45,667.55,0,-2.92,91,7.88,539.95,1640.54,0,-1.75,1,79,0,0,0,-2.89,6.46,1.1,103,9bbe5b2f-c57e-42a8-8de8-b1208baa4563
FALSE,B0BVGKTF15,B0B15NZVJR,limpiador de lentes,56,sr_rc,2,1,435.98,0,20.31,0,44,8.13,17.58,776,0,-1.85,2,1,435.98,18.03,1.02,-0.75,1,15,0,0,0,-1.96,6.46,1.2,103,9bbe5b2f-c57e-42a8-8de8-b1208baa4563
FALSE,B0BVGKTF15,B0B15NZVJR,limpiador de lentes de anteojos,56,sr_rc,2,1,328.11,0,17.08,0,37,11.64,6.59,649.48,0,-1.93,2,1,328.11,18.03,0.77,-0.75,1,18,0,0,0,-1.96,6.46,1.2,103,9bbe5b2f-c57e-42a8-8de8-b1208baa4563
FALSE,B0BVGKTF15,B0B15NZVJR,liquido para limpiar lentes,57,sr_rc,2,1,358,0,17.64,-0.67,49,1.01,353,866.46,0,-1.65,2,1,358,18.03,0.91,-1.42,1,8,0,0,0,-2.65,6.46,1.1,103,9bbe5b2f-c57e-42a8-8de8-b1208baa4563
FALSE,B0BVGKTF15,B0B15NZVJR,líquido para limpiar lentes,57,sr_rc,2,1,78.54,0,4.27,-1.13,78,1,78.54,1394.55,0,-2.11,2,1,78.54,18.03,0.2,-1.88,1,9,0,0,0,-2.65,6.46,1.1,103,9bbe5b2f-c57e-42a8-8de8-b1208baa4563
FALSE,B0BVGKTF15,B0B15NZVJR,microfiber eyeglass cleaning cloth,58,sr_rc,18,106.13,0.72,0,0,-1,36,124.79,0.15,631.42,0,-1.94,36,85.34,1.7,631.42,0,-1.74,1,131,0,0,0,-1.89,6.46,1.2,103,9bbe5b2f-c57e-42a8-8de8-b1208baa4563
FALSE,B0BVGKTF15,B0B15NZVJR,microfiber glasses cloth,59,sr_rc,33,150.53,0.15,0,0,-1,16,184.97,0.01,270.45,0,-1.94,33,145.51,0.18,577.24,0,-1.75,1,188,0,0,0,-1.89,6.46,1.1,103,9bbe5b2f-c57e-42a8-8de8-b1208baa4563
FALSE,B0BVGKTF15,B0B15NZVJR,microscope lens cleaner,60,sr_rc,24,1,126.74,0,5.43,-1.12,44,18.54,1.16,776,0,-2.93,22,1,126.74,378.69,0,-1.87,1,26,0,0,0,-2.89,6.46,1.2,103,9bbe5b2f-c57e-42a8-8de8-b1208baa4563
FALSE,B0BVGKTF15,B0B15NZVJR,nice and clean lens wipes,61,sr_rc,59,1,850.24,0,18.44,-1,36,46.54,0.91,631.42,0,-2.93,43,1,850.24,757.92,0,-1.75,1,52,0,0,0,-2.89,6.46,1.1,103,9bbe5b2f-c57e-42a8-8de8-b1208baa4563
FALSE,B0BVGKTF15,B0B15NZVJR,portable screen cleaner,62,sr_rc,39,1,126.19,0,4.34,-0.13,100,10.38,3.68,1923,0,-1.92,37,1,126.19,649.48,0,-0.88,1,19,0,0,0,-1.89,6.46,1.2,103,9bbe5b2f-c57e-42a8-8de8-b1208baa4563
TRUE,B0BVGKTF15,B0B15NZVJR,prescription glasses cleaner,63,sr_rc,5,1,200,0,10.99,0,45,1,200,794.09,0,-0.94,5,1,200,72.1,0.21,-0.75,1,8,0,0,0,-1.89,6.46,1.1,103,9bbe5b2f-c57e-42a8-8de8-b1208baa4563
FALSE,B0BVGKTF15,B0B15NZVJR,reading glass cleaner,64,sr_rc,7,1,222.3,0,12.38,0,100,1.32,153.24,1923,0,-0.94,7,1,222.3,108.16,0.21,-0.75,1,10,0,0,0,-1.89,6.46,1.2,103,9bbe5b2f-c57e-42a8-8de8-b1208baa4563
FALSE,B0BVGKTF15,B0B15NZVJR,reading glasses cleaner,64,sr_rc,8,1,460.94,0,27.15,0,100,3.12,94.77,1923,0,-1.29,7,1,460.94,108.16,0.22,-0.75,1,12,0,0,0,-1.89,6.46,1.2,103,9bbe5b2f-c57e-42a8-8de8-b1208baa4563
FALSE,B0BVGKTF15,B0B15NZVJR,scratch remover for sunglasses,65,sr_rc,100,4.47,20.22,0,0.01,-1.86,21,70.85,0.05,360.54,0,-2.94,82,1,134.8,1468.26,0,-1.82,1,75,0,0,0,-2.89,6.46,1.1,103,9bbe5b2f-c57e-42a8-8de8-b1208baa4563
FALSE,B0BVGKTF15,B0B15NZVJR,spray para limpiar lentes,66,sr_rc,53,1,197,0,5.51,0,48,1,197,848.36,0,-0.97,24,1,197,414.77,0,-0.93,1,8,0,0,0,-1.96,6.46,1.2,103,9bbe5b2f-c57e-42a8-8de8-b1208baa4563
FALSE,B0BVGKTF15,B0B15NZVJR,sunglass cleaner,67,sr_rc,11,1,5183.54,0,257.42,0,27,15.79,43.15,468.91,0,-1.64,11,1,5183.54,180.28,1.29,-0.75,1,20,0,0,0,-1.89,6.46,1.1,103,9bbe5b2f-c57e-42a8-8de8-b1208baa4563
FALSE,B0BVGKTF15,B0B15NZVJR,sunglass cleaner kit,67,sr_rc,11,1,1498.92,0,78.04,0,55,7.51,72.24,975.12,0,-1.44,10,1,1498.92,162.25,0.39,-0.75,1,15,0,0,0,-1.89,6.46,1.1,103,9bbe5b2f-c57e-42a8-8de8-b1208baa4563
TRUE,B0BVGKTF15,B0B15NZVJR,sunglass cleaner spray,67,sr_rc,6,1,637,0,37.51,0,48,1,637,848.36,0,-0.97,6,1,637,90.13,0.44,-0.88,1,8,0,0,0,-1.96,6.46,1.1,103,9bbe5b2f-c57e-42a8-8de8-b1208baa4563
FALSE,B0BVGKTF15,B0B15NZVJR,sunglass cleaner wipes,67,sr_rc,100,15.77,9.72,0,0,-1.93,26,93.21,0.07,450.87,0,-2.94,100,6.18,33.79,1923,0,-2.52,1,98,0,0,0,-2.89,6.46,1.1,103,9bbe5b2f-c57e-42a8-8de8-b1208baa4563
FALSE,B0BVGKTF15,B0B15NZVJR,sunglasses cleaner,67,sr_rc,12,1,2306.43,0,106.16,0,26,17.98,14.19,450.87,0,-1.84,11,1,2306.43,180.28,0.52,-0.75,1,22,0,0,0,-1.89,6.46,1.1,103,9bbe5b2f-c57e-42a8-8de8-b1208baa4563
FALSE,B0BVGKTF15,B0B15NZVJR,sunglasses cleaner kit,67,sr_rc,7,1,367.51,0,21.44,0,5,11.95,1.72,72.1,0,-1.93,7,1,367.51,108.16,0.22,-0.75,1,13,0,0,0,-1.89,6.46,1.1,103,9bbe5b2f-c57e-42a8-8de8-b1208baa4563
TRUE,B0BVGKTF15,B0B15NZVJR,sunglasses cleaner spray,67,sr_rc,5,1,207,0,12.04,0,25,1,207,432.82,0,-0.97,5,1,207,72.1,0.21,-0.88,1,5,0,0,0,-1.96,6.46,1.1,103,9bbe5b2f-c57e-42a8-8de8-b1208baa4563
FALSE,B0BVGKTF15,B0B15NZVJR,sunglass cleaning kit,68,sr_rc,12,1,339.2,0,17.71,0,51,10.22,9,902.66,0,-1.88,11,1,339.2,180.28,0,-0.75,1,17,0,0,0,-1.89,6.46,1.2,103,9bbe5b2f-c57e-42a8-8de8-b1208baa4563
FALSE,B0BVGKTF15,B0B15NZVJR,sunglasses cleaning kit,68,sr_rc,13,1,1334.2,0,69.42,0,31,19.32,7.97,541.12,0,-1.88,12,1,1334.2,198.31,0.39,-0.75,1,24,0,0,0,-1.89,6.46,1.2,103,9bbe5b2f-c57e-42a8-8de8-b1208baa4563
FALSE,B09V1Q68NS,B09V1N5JCN,eye glass cleaners spray refill,1,kw,8,1,1562.58,0,26.56,-1,66,1,1562.58,65.63,0.15,-1.96,8,1,1562.58,7.03,2.97,-1.88,1,13,0,0,0,-2.98,1.92,2.1,103,9bbe5b2f-c57e-42a8-8de8-b1208baa4563
FALSE,B09V1Q68NS,B09V1N5JCN,eye glasses cleaner spray,1,kw,17,1,11085.96,0,152.32,-1,96,1,11085.96,99.44,0.09,-1.96,16,1,11085.96,15.07,9.37,-1.82,1,24,0,0,0,-2.98,1.92,2.1,103,9bbe5b2f-c57e-42a8-8de8-b1208baa4563
FALSE,B09V1Q68NS,B09V1N5JCN,eye glass cleaners spray,1,kw,18,1,72019.78,0,709.87,-2.4,100,4.18,11059.37,115.08,0.01,-2.64,16,1,72019.78,15.07,44.39,-2.55,1,27,0,0,0,-3.65,1.92,2.1,103,9bbe5b2f-c57e-42a8-8de8-b1208baa4563
FALSE,B09V1Q68NS,B09V1N5JCN,eye glass cleaner spray,1,kw,44,1.01,3133.39,0,29.53,-1,99,17.79,57.71,107.35,0,-2.84,30,1,3172.98,29.15,1.15,-1.82,1,42,0,0,0,-2.93,1.92,2.1,103,9bbe5b2f-c57e-42a8-8de8-b1208baa4563
FALSE,B09V1Q68NS,B09V1N5JCN,eye glass cleaner spray and cloths,1,kw,70,2.64,1040.05,0,5.67,-1,97,43.3,12.78,101.34,0,-2.93,52,1,3545.62,51.37,0.53,-1.88,1,65,0,0,0,-2.94,1.92,2.1,103,9bbe5b2f-c57e-42a8-8de8-b1208baa4563
FALSE,B09V1Q68NS,B09V1N5JCN,eye glass spray,1,kw_sr_rc,100,2.16,559.29,0,0.09,-2.58,86,49.92,3.85,86.65,0,-3.64,60,1,1476.4,59.5,0.17,-2.4,1,70,0,0,0,-3.64,1.92,2.1,103,9bbe5b2f-c57e-42a8-8de8-b1208baa4563
TRUE,B09V1Q68NS,B09V1N5JCN,lens cleaner for eyeglasses,2,kw,10,1,"7,565",0,122.08,0,69,1,"7,565",68.71,0.63,-0.93,9,1,"7,565",8.03,13.22,-0.82,1,16,0,0,0,-1.96,1.92,2.2,103,9bbe5b2f-c57e-42a8-8de8-b1208baa4563
TRUE,B09V1Q68NS,B09V1N5JCN,lens cleaner,2,kw,14,1,"49,434",0,631.81,0,94,1,"49,434",96.33,0.5,-0.94,12,1,"49,434",11.05,51.87,-0.82,1,21,0,0,0,-1.96,1.92,2.2,103,9bbe5b2f-c57e-42a8-8de8-b1208baa4563
TRUE,B09V1Q68NS,B09V1N5JCN,lens cleaner refill,2,kw,8,1,"2,355",0,38.37,0,65,1,"2,355",64.6,0.23,-0.93,8,1,"2,355",7.03,4.61,-0.82,1,11,0,0,0,-1.96,1.92,2.2,103,9bbe5b2f-c57e-42a8-8de8-b1208baa4563
TRUE,B09V1Q68NS,B09V1N5JCN,eyeglass lens cleaner,2,kw,23,1,"2,807",0,41.13,0,97,1,"2,807",101.34,0.02,-0.93,17,1,"2,807",16.07,2.53,-0.82,1,28,0,0,0,-1.96,1.92,2.2,103,9bbe5b2f-c57e-42a8-8de8-b1208baa4563
TRUE,B09V1Q68NS,B09V1N5JCN,lens cleaner spray,2,kw,66,1,"25,227",0,118.26,-0.73,92,34.68,136,93.67,0,-1.68,44,1,"25,227",43.28,4.16,-0.93,1,56,0,0,0,-1.97,1.92,2.2,103,9bbe5b2f-c57e-42a8-8de8-b1208baa4563
TRUE,B09V1Q68NS,B09V1N5JCN,lens cleaners,2,kw,30,1,"3,429",0,40.02,0,100,21.4,45,115.08,0,-1.86,27,1,"3,429",26.13,1.49,-0.82,1,44,0,0,0,-1.93,1.92,2.2,103,9bbe5b2f-c57e-42a8-8de8-b1208baa4563
TRUE,B09V1Q68NS,B09V1N5JCN,glass lens cleaner,2,kw,47,1,"1,519",0,15.35,0,99,19.08,26,107.35,0,-1.9,34,1,"1,519",33.18,0.62,-0.82,1,46,0,0,0,-1.93,1.92,2.2,103,9bbe5b2f-c57e-42a8-8de8-b1208baa4563
TRUE,B09V1Q68NS,B09V1N5JCN,glasses lens cleaner,2,kw,44,8.48,253,0,2.58,-0.45,97,27.75,36,101.34,0,-1.88,44,1,"4,052",43.28,0.88,-0.82,1,53,0,0,0,-1.93,1.92,2.2,103,9bbe5b2f-c57e-42a8-8de8-b1208baa4563
FALSE,B09V1Q68NS,B09V1N5JCN,glasses lens cleaner spray,2,kw,51,10.61,62.9,0,0.56,-1.86,97,31.19,9.52,101.34,0,-2.94,50,1,1371.9,49.34,0.21,-1.88,1,55,0,0,0,-2.93,1.92,2.2,103,9bbe5b2f-c57e-42a8-8de8-b1208baa4563
FALSE,B09V1Q68NS,B09V1N5JCN,eyeglass lens cleaner spray,2,kw,51,15.61,40.22,0,0.36,-1.74,92,32.83,9.7,93.67,0,-1.96,64,1,1554.63,63.58,0.18,-0.93,1,56,0,0,0,-1.97,1.92,2.2,103,9bbe5b2f-c57e-42a8-8de8-b1208baa4563
FALSE,B09V1Q68NS,B09V1N5JCN,lens cleaner spray for eyeglasses,2,kw,48,18.44,29.38,0,0.22,-1.83,92,34.98,8.12,93.67,0,-1.96,73,1,1465.43,72.84,0.12,-0.93,1,58,0,0,0,-1.97,1.92,2.2,103,9bbe5b2f-c57e-42a8-8de8-b1208baa4563
TRUE,B09V1Q68NS,B09V1N5JCN,eyeglass cleaner spray refill,3,sr_rc,6,1,740,0,12.49,0,35,1,740,34.19,0.27,-0.93,5,1,740,4.02,2.38,-0.82,1,8,0,0,0,-1.98,1.92,2.1,103,9bbe5b2f-c57e-42a8-8de8-b1208baa4563
TRUE,B09V1Q68NS,B09V1N5JCN,eyeglass cleaner refill,3,sr_rc,27,1,"1,461",0,16.29,0,93,1,"1,461",94.97,0.01,-0.93,18,1,"1,461",17.08,0.92,-0.82,1,20,0,0,0,-1.96,1.92,2.1,103,9bbe5b2f-c57e-42a8-8de8-b1208baa4563
FALSE,B09V1Q68NS,B09V1N5JCN,eyeglass cleaner spray,3,sr_rc,65,13.17,645.27,0,3.95,-0.73,96,36.56,95.77,99.44,0,-1.75,64,1,19006.23,63.58,1.81,-0.88,1,59,0,0,0,-1.94,1.92,2.1,103,9bbe5b2f-c57e-42a8-8de8-b1208baa4563
FALSE,B09V1Q68NS,B09V1N5JCN,eyeglass spray,3,sr_rc,67,1,1155.73,0,6.81,-0.67,70,45.38,3.32,69.74,0,-2.64,44,1.01,1141.37,43.28,0.24,-1.49,1,63,0,0,0,-2.64,1.92,2.1,103,9bbe5b2f-c57e-42a8-8de8-b1208baa4563
FALSE,B09V1Q68NS,B09V1N5JCN,eyeglass spray cleaner,3,sr_rc,23,1,2485.44,0,36.28,0,99,15.07,57.1,107.35,0,-1.84,21,1,2485.44,20.1,1.58,-0.82,1,37,0,0,0,-1.93,1.92,2.1,103,9bbe5b2f-c57e-42a8-8de8-b1208baa4563
FALSE,B09V1Q68NS,B09V1N5JCN,eyeglasses cleaner spray,3,sr_rc,43,1,2027.67,0,21.75,0,97,24.27,21.34,101.34,0,-1.91,29,1,2027.67,28.15,0.98,-0.82,1,47,0,0,0,-1.93,1.92,2.1,103,9bbe5b2f-c57e-42a8-8de8-b1208baa4563
FALSE,B09V1Q68NS,B09V1N5JCN,lense cleaner,4,sr_rc,15,1,1422.23,0,20.61,0,97,1,1422.23,101.34,0.01,-0.93,14,1,1422.23,13.06,1.36,-0.82,1,23,0,0,0,-1.96,1.92,2.2,103,9bbe5b2f-c57e-42a8-8de8-b1208baa4563
FALSE,B09V1Q68NS,B09V1N5JCN,eyeglass cleaner for coated lenses,4,sr_rc,32,1,427.65,0,4.64,-0.07,100,1.41,275.47,115.08,0,-1.38,24,1,427.65,23.11,0.15,-1,1,24,0,0,0,-1.97,1.92,2.2,103,9bbe5b2f-c57e-42a8-8de8-b1208baa4563
FALSE,B09V1Q68NS,B09V1N5JCN,lenses cleaner for glasses,4,sr_rc,45,19.4,94.1,0,0.84,-0.8,97,35.5,28.13,101.34,0,-1.9,82,1,5036.48,82.3,0.2,-0.88,1,60,0,0,0,-1.93,1.92,2.2,103,9bbe5b2f-c57e-42a8-8de8-b1208baa4563
FALSE,B09V1Q68NS,B09V1N5JCN,best eyeglass cleaner,5,sr_rc,46,1,1270.15,0,11.94,0,99,18.71,20.96,107.35,0,-1.91,35,1,1270.15,34.19,0.41,-0.82,1,42,0,0,0,-1.93,1.92,2.1,103,9bbe5b2f-c57e-42a8-8de8-b1208baa4563
FALSE,B09V1Q68NS,B09V1N5JCN,clear view lens cleaner,6,sr_rc,34,1,2487.65,0,30.04,0,98,19.44,35.78,103.76,0,-1.9,29,1,2487.65,28.15,1.12,-0.82,1,39,0,0,0,-1.97,1.92,2.2,103,9bbe5b2f-c57e-42a8-8de8-b1208baa4563
FALSE,B09V1Q68NS,B09V1N5JCN,clear view lens cleaner spray,6,sr_rc,61,1,912.65,0,5.47,-1,92,34.22,4.83,93.67,0,-2.97,43,1,912.65,42.26,0.21,-1.82,1,54,0,0,0,-2.97,1.92,2.2,103,9bbe5b2f-c57e-42a8-8de8-b1208baa4563
FALSE,B09V1Q68NS,B09V1N5JCN,eye glass cleaners individual packets,7,sr_rc,21,110.45,3.77,0,0,-1.99,97,132.51,1.27,101.34,0,-2.95,21,108.82,4.01,20.1,0,-2.81,1,148,0,0,0,-2.91,1.92,2.1,103,9bbe5b2f-c57e-42a8-8de8-b1208baa4563
FALSE,B09V1Q68NS,B09V1N5JCN,glass cleaner refill,8,sr_rc,22,1,8219.1,0,118.21,0,100,11.22,291.88,115.08,0,-1.31,21,1,8219.1,20.1,5.33,-0.75,1,31,0,0,0,-1.91,1.92,2.2,103,9bbe5b2f-c57e-42a8-8de8-b1208baa4563
FALSE,B09V1Q68NS,B09V1N5JCN,lens cleaning solution,9,sr_rc,66,4.34,164.02,0,1.08,-0.64,100,36.84,4.96,115.08,0,-1.95,59,1,1063.43,58.48,0.1,-0.88,1,57,0,0,0,-1.93,1.92,2.1,103,9bbe5b2f-c57e-42a8-8de8-b1208baa4563
FALSE,B09V1Q68NS,B09V1N5JCN,lens spray,10,sr_rc,100,15.23,38.57,0,0.01,-2.52,70,68.54,1.64,69.74,0,-2.65,87,1,1306.19,87.77,0.03,-1.56,1,86,0,0,0,-2.64,1.92,2.2,103,9bbe5b2f-c57e-42a8-8de8-b1208baa4563
FALSE,B09V1Q68NS,B09V1N5JCN,lens spray for eyeglasses,10,sr_rc,48,1,2126,0,20.99,-0.67,92,25.48,20.47,93.67,0,-2.61,31,1,2126,30.16,0.81,-1.49,1,48,0,0,0,-2.64,1.92,2.2,103,9bbe5b2f-c57e-42a8-8de8-b1208baa4563
FALSE,B09V1Q68NS,B09V1N5JCN,limpiador de lentes,11,sr_rc,2,67.31,2.6,0,0,-1.72,97,74.34,1.73,101.34,0,-1.96,2,67.28,2.6,1,0,-1.87,1,95,0,0,0,-1.93,1.92,2.1,103,9bbe5b2f-c57e-42a8-8de8-b1208baa4563
FALSE,B09V1Q68NS,B09V1N5JCN,limpiador de lentes de anteojos,11,sr_rc,2,66.12,2.95,0,0,-1.72,94,98.01,0.75,96.33,0,-1.96,2,66.02,2.96,1,0,-1.87,1,119,0,0,0,-1.93,1.92,2.1,103,9bbe5b2f-c57e-42a8-8de8-b1208baa4563
FALSE,B09V1Q68NS,B09V1N5JCN,liquido para limpiar lentes,12,sr_rc,2,34.8,5.73,0,0,-1.93,97,27.15,11.01,101.34,0,-1.96,2,34.77,5.74,1,0,-1.95,1,52,0,0,0,-1.97,1.92,2.2,103,9bbe5b2f-c57e-42a8-8de8-b1208baa4563
FALSE,B09V1Q68NS,B09V1N5JCN,líquido para limpiar lentes,12,sr_rc,2,37.57,1.09,0,0,-1.94,97,29.99,2.02,101.34,0,-1.98,2,37.53,1.09,1,0,-1.96,1,55,0,0,0,-1.97,1.92,2.2,103,9bbe5b2f-c57e-42a8-8de8-b1208baa4563
FALSE,B09V1Q68NS,B09V1N5JCN,sunglass cleaner spray,13,sr_rc,51,1,2170.59,0,18.46,-1,92,38.22,9.9,93.67,0,-2.94,41,1,2170.59,40.25,0.49,-1.82,1,60,0,0,0,-2.93,1.92,2.1,103,9bbe5b2f-c57e-42a8-8de8-b1208baa4563
FALSE,B09V1Q68NS,B09V1N5JCN,sunglasses cleaner spray,13,sr_rc,50,1,755.74,0,6.05,-1,96,40.16,3.24,99.44,0,-2.95,37,1,755.74,36.21,0.25,-1.82,1,63,0,0,0,-2.93,1.92,2.1,103,9bbe5b2f-c57e-42a8-8de8-b1208baa4563
FALSE,B09V1Q68NS,B09V1N5JCN,travel eye glass cleaner kit,14,sr_rc,36,47.19,2.67,0,0,-3.39,86,85.51,0.41,86.65,0,-3.63,92,17.35,13.42,93.67,0,-3.52,1,102,0,0,0,-3.6,1.92,2.2,103,9bbe5b2f-c57e-42a8-8de8-b1208baa4563
FALSE,B09V1Q68NS,B09V1N5JCN,travel eyeglass cleaner kit,15,sr_rc,58,7.63,38.3,0,0.26,-2.59,86,53.96,1.03,86.65,0,-3.62,56,1,515.07,55.43,0.09,-2.49,1,71,0,0,0,-3.58,1.92,2.1,103,9bbe5b2f-c57e-42a8-8de8-b1208baa4563
TRUE,B08VDSJY66,B08VDSJY66,eye glass cleaners spray,1,kw,23,1,"15,702",0,762.45,0,100,3.75,"2,846",109.69,0.01,-0.96,20,1,"15,702",19.06,37.59,-0.91,1,33,0,0,0,-1.98,0.04,1.1,103,9bbe5b2f-c57e-42a8-8de8-b1208baa4563
FALSE,B08VDSJY66,B08VDSJY66,eye glass cleaners spray refill,1,kw,40,1,351.4,0,13.18,-2.33,99,29.34,2.82,104.21,0,-3.54,35,1,351.4,34.13,0.44,-2.53,1,55,0,0,0,-3.56,0.04,1.1,103,9bbe5b2f-c57e-42a8-8de8-b1208baa4563
FALSE,B08VDSJY66,B08VDSJY66,eye glasses cleaner spray,1,kw,69,19.19,48.3,0,1.08,-2.08,99,38.53,12.76,104.21,0,-2.52,78,1,2441.5,77.7,0.47,-1.6,1,67,0,0,0,-2.64,0.04,1.1,103,9bbe5b2f-c57e-42a8-8de8-b1208baa4563
TRUE,B08VDSJY66,B08VDSJY66,eye glass spray,1,kw_sr_rc,100,5.59,36,0,0.02,-1.57,96,30.89,3,97.95,0,-1.95,65,1,320,64.4,0.14,-0.83,1,60,0,0,0,-1.96,0.04,1.1,103,9bbe5b2f-c57e-42a8-8de8-b1208baa4563
FALSE,B08VDSJY66,B08VDSJY66,eye glasses spray cleaner,1,kw,64,24.72,3.34,0,0.07,-1.7,99,44.48,1,104.21,0,-1.95,89,1,247.36,89.36,0.02,-0.88,1,73,0,0,0,-1.93,0.04,1.1,103,9bbe5b2f-c57e-42a8-8de8-b1208baa4563
TRUE,B08VDSJY66,B08VDSJY66,lens cleaner spray,2,kw,40,1,"5,472",0,192.86,-0.67,98,20.98,79,101.49,0,-1.85,33,1,"5,472",32.12,6.15,-1.58,1,48,0,0,0,-2.63,0.04,1.2,103,9bbe5b2f-c57e-42a8-8de8-b1208baa4563
TRUE,B08VDSJY66,B08VDSJY66,lens cleaner spray for eyeglasses,2,kw,53,1,318,0,9.93,-0.67,98,20.48,5,101.49,0,-2.59,33,1,318,32.12,0.34,-1.55,1,52,0,0,0,-2.63,0.04,1.2,103,9bbe5b2f-c57e-42a8-8de8-b1208baa4563
TRUE,B08VDSJY66,B08VDSJY66,eyeglass lens cleaner spray,2,kw,67,1,338,0,8.45,-0.67,98,24.62,4,101.49,0,-2.6,43,1,338,42.18,0.33,-1.58,1,55,0,0,0,-2.63,0.04,1.2,103,9bbe5b2f-c57e-42a8-8de8-b1208baa4563
TRUE,B08VDSJY66,B08VDSJY66,lens spray,2,kw,93,1.78,137,0,0.74,0,96,36.22,2,97.95,0,-1.95,61,1,283,60.34,0.14,-0.88,1,65,0,0,0,-1.96,0.04,1.2,103,9bbe5b2f-c57e-42a8-8de8-b1208baa4563
TRUE,B08VDSJY66,B08VDSJY66,fog spray for glasses,3,sr_rc,18,1,120,0,7.49,0,86,1,120,86.1,0.03,-0.91,14,1,120,13.04,0.49,-0.82,1,20,0,0,0,-1.95,0.04,1.1,103,9bbe5b2f-c57e-42a8-8de8-b1208baa4563
FALSE,B08VDSJY66,B08VDSJY66,anti fog glasses spray,3,sr_rc,55,6.92,9.94,0,0.38,-0.9,100,14.14,3.4,109.69,0,-1.91,41,1,123.14,40.16,0.11,-0.75,1,43,0,0,0,-1.89,0.04,1.1,103,9bbe5b2f-c57e-42a8-8de8-b1208baa4563
FALSE,B08VDSJY66,B08VDSJY66,anti fog spray for glasses,3,sr_rc,57,25.22,42.57,0,1.37,-0.57,96,36.02,18.32,97.95,0,-1.76,100,2.97,953.03,109.69,0.01,-0.75,1,56,0,0,0,-1.89,0.04,1.1,103,9bbe5b2f-c57e-42a8-8de8-b1208baa4563
FALSE,B08VDSJY66,B08VDSJY66,anti fog glass cleaner,4,sr_rc,57,1,95.14,0,3.11,-0.05,100,20.41,1.16,109.69,0,-1.94,50,1,95.14,49.23,0.09,-0.87,1,37,0,0,0,-1.91,0.04,1.2,103,9bbe5b2f-c57e-42a8-8de8-b1208baa4563
FALSE,B08VDSJY66,B08VDSJY66,anti fog glasses cleaner,4,sr_rc,48,11.56,3.71,0,0.1,-0.96,100,19.19,1.52,109.69,0,-1.93,69,1,98.45,68.47,0.06,-0.83,1,41,0,0,0,-1.91,0.04,1.2,103,9bbe5b2f-c57e-42a8-8de8-b1208baa4563
FALSE,B08VDSJY66,B08VDSJY66,anti fog lens cleaner,4,sr_rc,48,8.22,5.4,0,0.2,-0.95,99,16.74,1.73,104.21,0,-1.93,47,1,85.98,46.21,0.1,-0.96,1,41,0,0,0,-1.91,0.04,1.2,103,9bbe5b2f-c57e-42a8-8de8-b1208baa4563
FALSE,B08VDSJY66,B08VDSJY66,anti fog goggle spray,5,sr_rc,23,1,207.52,0,11.57,0,100,16.93,3.25,109.69,0,-1.91,22,1,207.52,21.07,0.43,-0.75,1,31,0,0,0,-1.89,0.04,1.1,103,9bbe5b2f-c57e-42a8-8de8-b1208baa4563
FALSE,B08VDSJY66,B08VDSJY66,anti fog spray,5,sr_rc,72,16,87.37,0,1.93,-0.12,96,46.37,8.97,97.95,0,-1.85,85,1,3391.56,85.03,0.43,-0.75,1,63,0,0,0,-1.89,0.04,1.1,103,9bbe5b2f-c57e-42a8-8de8-b1208baa4563
FALSE,B08VDSJY66,B08VDSJY66,anti fog spray for swim goggles,5,sr_rc,53,15.69,132.91,0,3.35,-1,68,55.3,6.06,67.45,0,-2.88,100,4.42,752.42,109.69,0,-1.75,1,65,0,0,0,-2.89,0.04,1.1,103,9bbe5b2f-c57e-42a8-8de8-b1208baa4563
FALSE,B08VDSJY66,B08VDSJY66,anti smudge for eyeglasses,6,sr_rc,100,40.39,1.03,0,0,-2.66,98,91.42,0.13,101.49,0,-3.62,100,15.54,4.28,109.69,0,-3.45,1,116,0,0,0,-3.58,0.04,1.2,103,9bbe5b2f-c57e-42a8-8de8-b1208baa4563
FALSE,B08VDSJY66,B08VDSJY66,anti static spray,7,sr_rc,100,50.34,16.79,0,0.01,-0.83,100,102.59,0.92,109.69,0,-1.93,100,42.94,22.71,109.69,0,-1.52,1,110,0,0,0,-1.89,0.04,1.1,103,9bbe5b2f-c57e-42a8-8de8-b1208baa4563
FALSE,B08VDSJY66,B08VDSJY66,antifog for glasses,8,sr_rc,95,1,67.71,0,0.3,-0.32,100,49.65,0.14,109.69,0,-1.94,80,1,67.71,79.78,0,-1.07,1,64,0,0,0,-1.89,0.04,1.2,103,9bbe5b2f-c57e-42a8-8de8-b1208baa4563
FALSE,B08VDSJY66,B08VDSJY66,antifog lens spray,9,sr_rc,44,1,1102.15,0,44.21,0,100,10,49.61,109.69,0,-1.45,31,1,1102.15,30.11,1.61,-0.82,1,35,0,0,0,-1.91,0.04,1.1,103,9bbe5b2f-c57e-42a8-8de8-b1208baa4563
FALSE,B08VDSJY66,B08VDSJY66,antifog spray,9,sr_rc,100,3.64,64.97,0,0.04,-1.1,96,46.45,0.84,97.95,0,-1.93,75,1,334.47,74.61,0.11,0,1,62,0,0,0,-1.89,0.04,1.1,103,9bbe5b2f-c57e-42a8-8de8-b1208baa4563
FALSE,B08VDSJY66,B08VDSJY66,antifog snorkel mask spray,10,sr_rc,100,1.55,150.67,0,0.08,-1,59,70.85,0.14,58.32,0,-2.94,81,1,261.4,80.82,0.03,-1.75,1,78,0,0,0,-2.89,0.04,1.2,103,9bbe5b2f-c57e-42a8-8de8-b1208baa4563
FALSE,B08VDSJY66,B08VDSJY66,clear view lens cleaner,11,sr_rc,98,36.91,4.57,0,0.01,-2.51,99,91.16,0.5,104.21,0,-2.64,100,11.94,23.16,109.69,0,-2.37,1,116,0,0,0,-2.63,0.04,1.1,103,9bbe5b2f-c57e-42a8-8de8-b1208baa4563
FALSE,B08VDSJY66,B08VDSJY66,clear view lens cleaner spray,11,sr_rc,78,24.54,2.9,0,0.04,-2.53,96,60.71,0.43,97.95,0,-2.64,86,1,198.86,86.1,0.02,-1.6,1,87,0,0,0,-2.63,0.04,1.1,103,9bbe5b2f-c57e-42a8-8de8-b1208baa4563
FALSE,B08VDSJY66,B08VDSJY66,defogger for glasses,12,sr_rc,40,1,207.96,0,9.08,0,98,24.9,1.48,101.49,0,-1.92,34,1,207.96,33.12,0.24,-0.75,1,37,0,0,0,-1.89,0.04,1.2,103,9bbe5b2f-c57e-42a8-8de8-b1208baa4563
FALSE,B08VDSJY66,B08VDSJY66,glasses defogger for eyeglasses,12,sr_rc,31,1,150.42,0,7.46,0,100,9.8,6.22,109.69,0,-1.89,26,1,150.42,25.08,0.27,-0.82,1,26,0,0,0,-1.91,0.04,1.2,103,9bbe5b2f-c57e-42a8-8de8-b1208baa4563
FALSE,B08VDSJY66,B08VDSJY66,eyeglass cleaner for coated lenses,13,sr_rc,20,1,93.38,0,4.1,-1.47,100,4.11,14.88,109.69,0,-2.49,18,1,93.38,17.05,0.24,-1.62,1,31,0,0,0,-2.63,0.04,1.1,103,9bbe5b2f-c57e-42a8-8de8-b1208baa4563
FALSE,B08VDSJY66,B08VDSJY66,eyeglass cleaner spray refill,14,sr_rc,89,1,172.69,0,1.09,-2.63,96,41.26,0.77,97.95,0,-3.76,57,1,172.69,56.3,0.06,-2.75,1,68,0,0,0,-3.76,0.04,1.2,103,9bbe5b2f-c57e-42a8-8de8-b1208baa4563
FALSE,B08VDSJY66,B08VDSJY66,eyeglass spray,14,sr_rc,96,27.75,3.08,0,0.01,-1.9,92,61.92,0.57,92.77,0,-1.96,91,1,251.59,91.61,0.02,-0.89,1,92,0,0,0,-1.96,0.04,1.2,103,9bbe5b2f-c57e-42a8-8de8-b1208baa4563
FALSE,B08VDSJY66,B08VDSJY66,eyeglass cleaning spray,15,sr_rc,80,1,765.27,0,11.18,0,98,31.72,5.52,101.49,0,-1.9,50,1,765.27,49.23,0.55,-0.88,1,59,0,0,0,-1.93,0.04,1.1,103,9bbe5b2f-c57e-42a8-8de8-b1208baa4563
FALSE,B08VDSJY66,B08VDSJY66,eyewear cleaner,16,sr_rc,35,61.17,0.52,0,0,-1,100,86.62,0.16,109.69,0,-1.95,100,20.67,3.46,109.69,0,-1.78,1,108,0,0,0,-1.91,0.04,1.2,103,9bbe5b2f-c57e-42a8-8de8-b1208baa4563
FALSE,B08VDSJY66,B08VDSJY66,goggle defogger for swimming,17,sr_rc,57,1,161.43,0,3.81,-1,2,44.87,0.01,1,0,-2.94,55,1,161.43,54.28,0.06,-1.75,1,45,0,0,0,-2.89,0.04,1.1,103,9bbe5b2f-c57e-42a8-8de8-b1208baa4563
FALSE,B08VDSJY66,B08VDSJY66,highest rated eyeglass cleaner,18,sr_rc,100,32.79,1.26,0,0,-2.72,96,90.34,0.12,97.95,0,-2.96,100,6.51,11.69,109.69,0,-2.76,1,116,0,0,0,-2.93,0.04,1.2,103,9bbe5b2f-c57e-42a8-8de8-b1208baa4563
FALSE,B08VDSJY66,B08VDSJY66,lens cleaning spray,19,sr_rc,97,3.5,68.86,0,0.18,-1.04,98,50.08,1,101.49,0,-1.95,72,1,335.43,71.53,0.1,-0.88,1,75,0,0,0,-1.93,0.04,1.1,103,9bbe5b2f-c57e-42a8-8de8-b1208baa4563
FALSE,B08VDSJY66,B08VDSJY66,lens spray for eyeglasses,20,sr_rc,84,8.31,30.32,0,0.36,-1.59,96,30.49,3.82,97.95,0,-1.93,61,1,462.82,60.34,0.23,-0.93,1,62,0,0,0,-1.96,0.04,1.2,103,9bbe5b2f-c57e-42a8-8de8-b1208baa4563
FALSE,B08VDSJY66,B08VDSJY66,liquido para limpiar lentes,21,sr_rc,2,66.7,0.15,0,0,-1.73,99,45.02,1.04,104.21,0,-1.95,2,66.59,0.15,1,0,-1.88,1,73,0,0,0,-1.93,0.04,1.1,103,9bbe5b2f-c57e-42a8-8de8-b1208baa4563
FALSE,B08VDSJY66,B08VDSJY66,líquido para limpiar lentes,21,sr_rc,2,54.78,0.05,0,0,-1.73,99,31.27,0.44,104.21,0,-1.96,2,54.67,0.05,1,0,-1.88,1,61,0,0,0,-1.93,0.04,1.1,103,9bbe5b2f-c57e-42a8-8de8-b1208baa4563
FALSE,B08VDSJY66,B08VDSJY66,spray para limpiar lentes,22,sr_rc,83,1,145.39,0,1.75,0,100,14.63,3.83,109.69,0,-1.91,63,1,145.39,62.37,0.07,-0.82,1,44,0,0,0,-1.91,0.04,1.2,103,9bbe5b2f-c57e-42a8-8de8-b1208baa4563
FALSE,B0BVGKTF15,B09TQ6YCM3,eyeglass cleaning kit with case,1,kw,24,1,80.23,0,3.92,-0.43,51,27.6,0.13,902.43,0,-1.94,23,1,80.23,396.62,0,-1.18,1,30,0,0,0,-1.89,0,2.1,103,9bbe5b2f-c57e-42a8-8de8-b1208baa4563
FALSE,B0BVGKTF15,B09TQ6YCM3,defogger for glasses,2,kw,46,76.94,0.56,0,0,-2.89,93,115.98,0.04,1681.39,0,-2.97,49,72.81,0.65,866.47,0,-2.93,1,121,0,0,0,-2.96,0,2.2,103,9bbe5b2f-c57e-42a8-8de8-b1208baa4563
TRUE,B0BVGKTF15,B09TQ7TBVZ,travel glasses cleaner,1,kw,3,1,483,0,47.8,0,75,1,483,1339.63,0,-0.94,3,1,483,36.05,1.29,-0.75,1,4,0,0,0,-1.89,0,1.1,103,9bbe5b2f-c57e-42a8-8de8-b1208baa4563
TRUE,B0BVGKTF15,B09TQ7TBVZ,travel eyeglass cleaner,1,kw,3,1,170,0,17.04,0,53,1,170,939,0,-0.94,3,1,170,36.05,0.52,-0.75,1,3,0,0,0,-1.89,0,1.1,103,9bbe5b2f-c57e-42a8-8de8-b1208baa4563
TRUE,B0BVGKTF15,B09TQ7TBVZ,travel eye glass cleaner kit,1,kw,5,1,106,0,9.68,0,100,1.51,59,1927.77,0,-1.38,5,1,106,72.11,0.23,-0.75,1,7,0,0,0,-1.96,0,1.1,103,9bbe5b2f-c57e-42a8-8de8-b1208baa4563
TRUE,B0BVGKTF15,B09TQ7TBVZ,travel eyeglass cleaner kit,2,kw,6,1,106,0,8.62,0,100,4.87,9,1927.77,0,-1.88,6,1,106,90.14,0,-0.93,1,10,0,0,0,-1.96,0,1.2,103,9bbe5b2f-c57e-42a8-8de8-b1208baa4563
FALSE,B0CKTD16Y1,B09ZK9D2SY,ultra fine microfiber cleaning cloth,1,kw,5,1,83.55,0,5.33,-0.13,85,1,83.55,85.9,0,-1.07,4,1.17,67.64,3.01,0.92,-1.04,1,9,0,0,0,-1.89,0,2.1,103,9bbe5b2f-c57e-42a8-8de8-b1208baa4563
FALSE,B0CKTD16Y1,B09ZK9D2SY,eyeglass cleaner cloth,2,kw,7,158.66,0.14,0,0,-1.89,90,137.94,0.38,91.73,0,-1.97,11,148.2,0.25,10.05,0,-1.93,1,174,0,0,0,-1.96,0,2.2,103,9bbe5b2f-c57e-42a8-8de8-b1208baa4563
FALSE,B0CKTD16Y1,B09ZK9D2SY,glass cleaning cloths for eyeglasses,3,sr_rc,17,150.15,0.03,0,0,-1.89,94,147.65,0.04,97.09,0,-1.97,17,146.82,0.04,16.09,0,-1.93,1,180,0,0,0,-1.96,0,2.1,103,9bbe5b2f-c57e-42a8-8de8-b1208baa4563
FALSE,B0CKTD16Y1,B09ZK9D2SY,micro fiber cloth for cleaning eye glasses,4,sr_rc,5,55.96,0.12,0,0,-1.89,94,35.34,0.67,97.09,0,-1.96,100,2.9,28.2,118.72,0,-1.64,1,65,0,0,0,-1.96,0,2.2,103,9bbe5b2f-c57e-42a8-8de8-b1208baa4563
FALSE,B0CKTD16Y1,B09ZK9D2SY,micro fiber cloth for glass lenses,5,sr_rc,10,78.79,0.29,0,0,-1,86,59.99,1.21,87.03,0,-1.93,86,29.27,5.83,87.03,0,-1.69,1,88,0,0,0,-1.89,0,2.1,103,9bbe5b2f-c57e-42a8-8de8-b1208baa4563
FALSE,B0CKTD16Y1,B09ZKBD9L7,eye glass cloth,1,kw,86,10.31,21.82,0,0.25,-0.77,90,42.51,2.17,91.7,0,-1.95,62,1,435.55,61.65,0.23,-0.75,1,79,0,0,0,-1.96,0,1.1,103,9bbe5b2f-c57e-42a8-8de8-b1208baa4563
FALSE,B0CKTD16Y1,B09ZKBD9L7,eye glass cleaners cloth,1,kw,22,62.25,0.84,0,0,-1.88,92,64.19,0.77,94.24,0,-1.96,100,3.06,79.73,118.5,0,-1.1,1,100,0,0,0,-1.96,0,1.1,103,9bbe5b2f-c57e-42a8-8de8-b1208baa4563
FALSE,B0CKTD16Y1,B09ZKBD9L7,eye glasses microfiber cleaning cloths,1,kw,8,115.2,0.04,0,0,-1.89,94,93.86,0.14,97.04,0,-1.97,21,96.68,0.13,20.12,0,-1.93,1,127,0,0,0,-1.96,0,1.1,103,9bbe5b2f-c57e-42a8-8de8-b1208baa4563
FALSE,B0CKTD16Y1,B09ZKBD9L7,eyeglass cleaning cloth,2,kw,18,124.34,3.95,0,0.15,-0.96,86,126.43,3.62,87,0,-1.93,23,111.29,6.33,22.13,0,-1.86,1,156,0,0,0,-1.96,0,1.2,103,9bbe5b2f-c57e-42a8-8de8-b1208baa4563
FALSE,B0CKTD16Y1,B09ZKBD9L7,eyeglasses cleaning cloths,2,kw,23,150.28,0.17,0,0,-1.89,90,158.5,0.12,91.7,0,-1.97,23,143.86,0.2,22.13,0,-1.93,1,190,0,0,0,-1.96,0,1.2,103,9bbe5b2f-c57e-42a8-8de8-b1208baa4563
FALSE,B0CKTD16Y1,B09ZKBD9L7,microfiber eyeglass cleaning cloth,2,kw,16,73.38,0.81,0,0,-1.88,94,58.45,1.88,97.04,0,-1.95,99,19.22,15,109.33,0,-1.77,1,92,0,0,0,-1.96,0,1.2,103,9bbe5b2f-c57e-42a8-8de8-b1208baa4563
FALSE,B0CKTD16Y1,B09ZKBD9L7,anti smudge for eyeglasses,3,sr_rc,14,146.34,0.05,0,0,-2.96,92,148.23,0.05,94.24,0,-2.98,14,142.98,0.06,13.07,0,-2.97,1,174,0,0,0,-2.98,0,1.1,103,9bbe5b2f-c57e-42a8-8de8-b1208baa4563
FALSE,B0CKTD16Y1,B09ZKBD9L7,cloth lens wipes for eyeglasses,4,sr_rc,11,167.97,0.03,0,0,-1,90,151.92,0.05,91.7,0,-1.94,11,164.65,0.03,10.05,0,-1.75,1,189,0,0,0,-1.89,0,1.2,103,9bbe5b2f-c57e-42a8-8de8-b1208baa4563
FALSE,B0CKTD16Y1,B09ZKBD9L7,eye glasses cleaner,5,sr_rc,37,112.63,3.67,0,0.1,-2.79,94,129.52,2.08,97.04,0,-2.95,94,57.4,16.78,97.04,0,-2.75,1,163,0,0,0,-2.96,0,1.1,103,9bbe5b2f-c57e-42a8-8de8-b1208baa4563
FALSE,B0CKTD16Y1,B09ZKBD9L7,glasses lens cleaner cloth,6,sr_rc,9,99.99,0.05,0,0,-1.89,95,80.7,0.13,98.62,0,-1.97,94,40.68,0.6,97.04,0,-1.92,1,116,0,0,0,-1.96,0,1.2,103,9bbe5b2f-c57e-42a8-8de8-b1208baa4563
FALSE,B0CKTD16Y1,B09ZKBD9L7,microfiber glasses cloth,7,sr_rc,24,93.35,0.18,0,0,-1.89,92,89.31,0.22,94.24,0,-1.97,67,53.49,0.95,66.79,0,-1.92,1,115,0,0,0,-1.96,0,1.1,103,9bbe5b2f-c57e-42a8-8de8-b1208baa4563
FALSE,B0CKTD16Y1,B09ZKBD9L7,reading glasses cleaner,8,sr_rc,46,89.47,0.54,0,0,-2.88,94,112.31,0.25,97.04,0,-2.97,100,28.05,4.32,118.5,0,-2.89,1,148,0,0,0,-2.96,0,1.2,103,9bbe5b2f-c57e-42a8-8de8-b1208baa4563
FALSE,B0CV4FDNTJ,B0CV4FDNTJ,eye glass cleaner kit with case,1,kw,38,63.66,1.63,0,0,-1.88,100,83.9,0.69,104.5,0,-1.97,100,24.85,8.82,104.5,0,-1.89,1,112,0,0,0,-1.96,0,2.1,103,9bbe5b2f-c57e-42a8-8de8-b1208baa4563
FALSE,B0CV4FDNTJ,B0CV4FDNTJ,eye glass cleaners spray refill,2,kw,42,90.4,1.32,0,0,-3.77,100,113.9,0.62,104.5,0,-3.79,100,29.98,9.63,104.5,0,-3.75,1,151,0,0,0,-3.79,0,2.2,103,9bbe5b2f-c57e-42a8-8de8-b1208baa4563
FALSE,B0CV4FDNTJ,B0CV4FDNTJ,eyeglass cleaner refill,3,sr_rc,26,88.23,1.03,0,0,-2.63,100,96.43,0.75,104.5,0,-2.65,100,33.06,7.41,104.5,0,-2.61,1,131,0,0,0,-2.65,0,2.1,103,9bbe5b2f-c57e-42a8-8de8-b1208baa4563
FALSE,B0CV4FDNTJ,B0CV4FDNTJ,eyeglass cleaner spray refill,3,sr_rc,39,110.16,0.4,0,0,-3.58,100,121.73,0.28,104.5,0,-3.59,100,43.5,2.75,104.5,0,-3.58,1,161,0,0,0,-3.59,0,2.1,103,9bbe5b2f-c57e-42a8-8de8-b1208baa4563
TRUE,B0BVGKTF15,B0DG8YFFC4,eyeglass cleaner kit,1,kw,16,1,"2,083",0,73.96,0,99,18.27,12,1845.99,0,-1.89,14,1,"2,083",234.38,0.21,-0.75,1,22,0,0,0,-1.89,0,1.1,103,9bbe5b2f-c57e-42a8-8de8-b1208baa4563
FALSE,B0DPZYYBVT,B0DPZYYBVT,travel eye glass cleaner kit,1,kw,26,79.33,0.37,0,0,-1.96,100,82.96,0.32,104.03,0,-1.98,100,36.71,1.98,104.03,0,-1.96,1,116,0,0,0,-1.98,0,2.1,103,9bbe5b2f-c57e-42a8-8de8-b1208baa4563
FALSE,B0DPZYYBVT,B0DPZYYBVT,travel eyeglass cleaner kit,2,kw,19,99.14,0.21,0,0,-1.96,100,98.36,0.22,104.03,0,-1.98,19,98.6,0.21,18.03,0,-1.97,1,130,0,0,0,-1.98,0,2.2,103,9bbe5b2f-c57e-42a8-8de8-b1208baa4563
FALSE,B0DPZZTBVJ,B0DPZZTBVJ,eye glass cleaners spray refill,1,kw,20,110.35,0.62,0,0,-2.99,100,101.22,0.89,102.49,0,-2.99,100,45.42,5.42,102.49,0,-2.97,1,141,0,0,0,-2.99,0,1.1,103,9bbe5b2f-c57e-42a8-8de8-b1208baa4563
FALSE,B0DPZZTBVJ,B0DPZZTBVJ,eyeglass cleaner spray refill,2,kw,23,116.36,0.27,0,0,-2.99,100,104.55,0.43,102.49,0,-2.99,100,54.25,2,102.49,0,-2.98,1,147,0,0,0,-2.99,0,1.2,103,9bbe5b2f-c57e-42a8-8de8-b1208baa4563
FALSE,,,,,,,,,,,,,,,,,,,,,,,,,,,,,,,,,
FALSE,,,,,,,,,,,,,,,,,,,,,,,,,,,,,,,,,
FALSE,,,,,,,,,,,,,,,,,,,,,,,,,,,,,,,,,
FALSE,,,,,,,,,,,,,,,,,,,,,,,,,,,,,,,,,
FALSE,,,,,,,,,,,,,,,,,,,,,,,,,,,,,,,,,
FALSE,,,,,,,,,,,,,,,,,,,,,,,,,,,,,,,,,
FALSE,,,,,,,,,,,,,,,,,,,,,,,,,,,,,,,,,
FALSE,,,,,,,,,,,,,,,,,,,,,,,,,,,,,,,,,
FALSE,,,,,,,,,,,,,,,,,,,,,,,,,,,,,,,,,
FALSE,,,,,,,,,,,,,,,,,,,,,,,,,,,,,,,,,
FALSE,,,,,,,,,,,,,,,,,,,,,,,,,,,,,,,,,
FALSE,,,,,,,,,,,,,,,,,,,,,,,,,,,,,,,,,
FALSE,,,,,,,,,,,,,,,,,,,,,,,,,,,,,,,,,
FALSE,,,,,,,,,,,,,,,,,,,,,,,,,,,,,,,,,
FALSE,,,,,,,,,,,,,,,,,,,,,,,,,,,,,,,,,
FALSE,,,,,,,,,,,,,,,,,,,,,,,,,,,,,,,,,
FALSE,,,,,,,,,,,,,,,,,,,,,,,,,,,,,,,,,
FALSE,,,,,,,,,,,,,,,,,,,,,,,,,,,,,,,,,
FALSE,,,,,,,,,,,,,,,,,,,,,,,,,,,,,,,,,
FALSE,,,,,,,,,,,,,,,,,,,,,,,,,,,,,,,,,
FALSE,,,,,,,,,,,,,,,,,,,,,,,,,,,,,,,,,
FALSE,,,,,,,,,,,,,,,,,,,,,,,,,,,,,,,,,
FALSE,,,,,,,,,,,,,,,,,,,,,,,,,,,,,,,,,
FALSE,,,,,,,,,,,,,,,,,,,,,,,,,,,,,,,,,
FALSE,,,,,,,,,,,,,,,,,,,,,,,,,,,,,,,,,
FALSE,,,,,,,,,,,,,,,,,,,,,,,,,,,,,,,,,
FALSE,,,,,,,,,,,,,,,,,,,,,,,,,,,,,,,,,
FALSE,,,,,,,,,,,,,,,,,,,,,,,,,,,,,,,,,
FALSE,,,,,,,,,,,,,,,,,,,,,,,,,,,,,,,,,
FALSE,,,,,,,,,,,,,,,,,,,,,,,,,,,,,,,,,
FALSE,,,,,,,,,,,,,,,,,,,,,,,,,,,,,,,,,
FALSE,,,,,,,,,,,,,,,,,,,,,,,,,,,,,,,,,
FALSE,,,,,,,,,,,,,,,,,,,,,,,,,,,,,,,,,
FALSE,,,,,,,,,,,,,,,,,,,,,,,,,,,,,,,,,
FALSE,,,,,,,,,,,,,,,,,,,,,,,,,,,,,,,,,
FALSE,,,,,,,,,,,,,,,,,,,,,,,,,,,,,,,,,
FALSE,,,,,,,,,,,,,,,,,,,,,,,,,,,,,,,,,
FALSE,,,,,,,,,,,,,,,,,,,,,,,,,,,,,,,,,
FALSE,,,,,,,,,,,,,,,,,,,,,,,,,,,,,,,,,
FALSE,,,,,,,,,,,,,,,,,,,,,,,,,,,,,,,,,
FALSE,,,,,,,,,,,,,,,,,,,,,,,,,,,,,,,,,
FALSE,,,,,,,,,,,,,,,,,,,,,,,,,,,,,,,,,
FALSE,,,,,,,,,,,,,,,,,,,,,,,,,,,,,,,,,
FALSE,,,,,,,,,,,,,,,,,,,,,,,,,,,,,,,,,
FALSE,,,,,,,,,,,,,,,,,,,,,,,,,,,,,,,,,
FALSE,,,,,,,,,,,,,,,,,,,,,,,,,,,,,,,,,
FALSE,,,,,,,,,,,,,,,,,,,,,,,,,,,,,,,,,
FALSE,,,,,,,,,,,,,,,,,,,,,,,,,,,,,,,,,
FALSE,,,,,,,,,,,,,,,,,,,,,,,,,,,,,,,,,
FALSE,,,,,,,,,,,,,,,,,,,,,,,,,,,,,,,,,
FALSE,,,,,,,,,,,,,,,,,,,,,,,,,,,,,,,,,
FALSE,,,,,,,,,,,,,,,,,,,,,,,,,,,,,,,,,
FALSE,,,,,,,,,,,,,,,,,,,,,,,,,,,,,,,,,
FALSE,,,,,,,,,,,,,,,,,,,,,,,,,,,,,,,,,
FALSE,,,,,,,,,,,,,,,,,,,,,,,,,,,,,,,,,
FALSE,,,,,,,,,,,,,,,,,,,,,,,,,,,,,,,,,
FALSE,,,,,,,,,,,,,,,,,,,,,,,,,,,,,,,,,
FALSE,,,,,,,,,,,,,,,,,,,,,,,,,,,,,,,,,
FALSE,,,,,,,,,,,,,,,,,,,,,,,,,,,,,,,,,
FALSE,,,,,,,,,,,,,,,,,,,,,,,,,,,,,,,,,
FALSE,,,,,,,,,,,,,,,,,,,,,,,,,,,,,,,,,
FALSE,,,,,,,,,,,,,,,,,,,,,,,,,,,,,,,,,
FALSE,,,,,,,,,,,,,,,,,,,,,,,,,,,,,,,,,
FALSE,,,,,,,,,,,,,,,,,,,,,,,,,,,,,,,,,
FALSE,,,,,,,,,,,,,,,,,,,,,,,,,,,,,,,,,
FALSE,,,,,,,,,,,,,,,,,,,,,,,,,,,,,,,,,
FALSE,,,,,,,,,,,,,,,,,,,,,,,,,,,,,,,,,
FALSE,,,,,,,,,,,,,,,,,,,,,,,,,,,,,,,,,
FALSE,,,,,,,,,,,,,,,,,,,,,,,,,,,,,,,,,
FALSE,,,,,,,,,,,,,,,,,,,,,,,,,,,,,,,,,
FALSE,,,,,,,,,,,,,,,,,,,,,,,,,,,,,,,,,
FALSE,,,,,,,,,,,,,,,,,,,,,,,,,,,,,,,,,
FALSE,,,,,,,,,,,,,,,,,,,,,,,,,,,,,,,,,
FALSE,,,,,,,,,,,,,,,,,,,,,,,,,,,,,,,,,
FALSE,,,,,,,,,,,,,,,,,,,,,,,,,,,,,,,,,
FALSE,,,,,,,,,,,,,,,,,,,,,,,,,,,,,,,,,
FALSE,,,,,,,,,,,,,,,,,,,,,,,,,,,,,,,,,
FALSE,,,,,,,,,,,,,,,,,,,,,,,,,,,,,,,,,
FALSE,,,,,,,,,,,,,,,,,,,,,,,,,,,,,,,,,
FALSE,,,,,,,,,,,,,,,,,,,,,,,,,,,,,,,,,
FALSE,,,,,,,,,,,,,,,,,,,,,,,,,,,,,,,,,
FALSE,,,,,,,,,,,,,,,,,,,,,,,,,,,,,,,,,
FALSE,,,,,,,,,,,,,,,,,,,,,,,,,,,,,,,,,
FALSE,,,,,,,,,,,,,,,,,,,,,,,,,,,,,,,,,
FALSE,,,,,,,,,,,,,,,,,,,,,,,,,,,,,,,,,
FALSE,,,,,,,,,,,,,,,,,,,,,,,,,,,,,,,,,
FALSE,,,,,,,,,,,,,,,,,,,,,,,,,,,,,,,,,
FALSE,,,,,,,,,,,,,,,,,,,,,,,,,,,,,,,,,
FALSE,,,,,,,,,,,,,,,,,,,,,,,,,,,,,,,,,
FALSE,,,,,,,,,,,,,,,,,,,,,,,,,,,,,,,,,
FALSE,,,,,,,,,,,,,,,,,,,,,,,,,,,,,,,,,
FALSE,,,,,,,,,,,,,,,,,,,,,,,,,,,,,,,,,
FALSE,,,,,,,,,,,,,,,,,,,,,,,,,,,,,,,,,
FALSE,,,,,,,,,,,,,,,,,,,,,,,,,,,,,,,,,
FALSE,,,,,,,,,,,,,,,,,,,,,,,,,,,,,,,,,
FALSE,,,,,,,,,,,,,,,,,,,,,,,,,,,,,,,,,
FALSE,,,,,,,,,,,,,,,,,,,,,,,,,,,,,,,,,
FALSE,,,,,,,,,,,,,,,,,,,,,,,,,,,,,,,,,
FALSE,,,,,,,,,,,,,,,,,,,,,,,,,,,,,,,,,
FALSE,,,,,,,,,,,,,,,,,,,,,,,,,,,,,,,,,
FALSE,,,,,,,,,,,,,,,,,,,,,,,,,,,,,,,,,
FALSE,,,,,,,,,,,,,,,,,,,,,,,,,,,,,,,,,
FALSE,,,,,,,,,,,,,,,,,,,,,,,,,,,,,,,,,
FALSE,,,,,,,,,,,,,,,,,,,,,,,,,,,,,,,,,
FALSE,,,,,,,,,,,,,,,,,,,,,,,,,,,,,,,,,
FALSE,,,,,,,,,,,,,,,,,,,,,,,,,,,,,,,,,
FALSE,,,,,,,,,,,,,,,,,,,,,,,,,,,,,,,,,
FALSE,,,,,,,,,,,,,,,,,,,,,,,,,,,,,,,,,
FALSE,,,,,,,,,,,,,,,,,,,,,,,,,,,,,,,,,
FALSE,,,,,,,,,,,,,,,,,,,,,,,,,,,,,,,,,
FALSE,,,,,,,,,,,,,,,,,,,,,,,,,,,,,,,,,
FALSE,,,,,,,,,,,,,,,,,,,,,,,,,,,,,,,,,
FALSE,,,,,,,,,,,,,,,,,,,,,,,,,,,,,,,,,
FALSE,,,,,,,,,,,,,,,,,,,,,,,,,,,,,,,,,
FALSE,,,,,,,,,,,,,,,,,,,,,,,,,,,,,,,,,
FALSE,,,,,,,,,,,,,,,,,,,,,,,,,,,,,,,,,
FALSE,,,,,,,,,,,,,,,,,,,,,,,,,,,,,,,,,
FALSE,,,,,,,,,,,,,,,,,,,,,,,,,,,,,,,,,
FALSE,,,,,,,,,,,,,,,,,,,,,,,,,,,,,,,,,
FALSE,,,,,,,,,,,,,,,,,,,,,,,,,,,,,,,,,
FALSE,,,,,,,,,,,,,,,,,,,,,,,,,,,,,,,,,
FALSE,,,,,,,,,,,,,,,,,,,,,,,,,,,,,,,,,
FALSE,,,,,,,,,,,,,,,,,,,,,,,,,,,,,,,,,
FALSE,,,,,,,,,,,,,,,,,,,,,,,,,,,,,,,,,
FALSE,,,,,,,,,,,,,,,,,,,,,,,,,,,,,,,,,
FALSE,,,,,,,,,,,,,,,,,,,,,,,,,,,,,,,,,
FALSE,,,,,,,,,,,,,,,,,,,,,,,,,,,,,,,,,
FALSE,,,,,,,,,,,,,,,,,,,,,,,,,,,,,,,,,
FALSE,,,,,,,,,,,,,,,,,,,,,,,,,,,,,,,,,
FALSE,,,,,,,,,,,,,,,,,,,,,,,,,,,,,,,,,
FALSE,,,,,,,,,,,,,,,,,,,,,,,,,,,,,,,,,
FALSE,,,,,,,,,,,,,,,,,,,,,,,,,,,,,,,,,
FALSE,,,,,,,,,,,,,,,,,,,,,,,,,,,,,,,,,
FALSE,,,,,,,,,,,,,,,,,,,,,,,,,,,,,,,,,
FALSE,,,,,,,,,,,,,,,,,,,,,,,,,,,,,,,,,
FALSE,,,,,,,,,,,,,,,,,,,,,,,,,,,,,,,,,
FALSE,,,,,,,,,,,,,,,,,,,,,,,,,,,,,,,,,
FALSE,,,,,,,,,,,,,,,,,,,,,,,,,,,,,,,,,
FALSE,,,,,,,,,,,,,,,,,,,,,,,,,,,,,,,,,
FALSE,,,,,,,,,,,,,,,,,,,,,,,,,,,,,,,,,
FALSE,,,,,,,,,,,,,,,,,,,,,,,,,,,,,,,,,
FALSE,,,,,,,,,,,,,,,,,,,,,,,,,,,,,,,,,
FALSE,,,,,,,,,,,,,,,,,,,,,,,,,,,,,,,,,
FALSE,,,,,,,,,,,,,,,,,,,,,,,,,,,,,,,,,
FALSE,,,,,,,,,,,,,,,,,,,,,,,,,,,,,,,,,
FALSE,,,,,,,,,,,,,,,,,,,,,,,,,,,,,,,,,
FALSE,,,,,,,,,,,,,,,,,,,,,,,,,,,,,,,,,
FALSE,,,,,,,,,,,,,,,,,,,,,,,,,,,,,,,,,
FALSE,,,,,,,,,,,,,,,,,,,,,,,,,,,,,,,,,
FALSE,,,,,,,,,,,,,,,,,,,,,,,,,,,,,,,,,
FALSE,,,,,,,,,,,,,,,,,,,,,,,,,,,,,,,,,
FALSE,,,,,,,,,,,,,,,,,,,,,,,,,,,,,,,,,
FALSE,,,,,,,,,,,,,,,,,,,,,,,,,,,,,,,,,
FALSE,,,,,,,,,,,,,,,,,,,,,,,,,,,,,,,,,
FALSE,,,,,,,,,,,,,,,,,,,,,,,,,,,,,,,,,
FALSE,,,,,,,,,,,,,,,,,,,,,,,,,,,,,,,,,
FALSE,,,,,,,,,,,,,,,,,,,,,,,,,,,,,,,,,
FALSE,,,,,,,,,,,,,,,,,,,,,,,,,,,,,,,,,
FALSE,,,,,,,,,,,,,,,,,,,,,,,,,,,,,,,,,
FALSE,,,,,,,,,,,,,,,,,,,,,,,,,,,,,,,,,
FALSE,,,,,,,,,,,,,,,,,,,,,,,,,,,,,,,,,
FALSE,,,,,,,,,,,,,,,,,,,,,,,,,,,,,,,,,
FALSE,,,,,,,,,,,,,,,,,,,,,,,,,,,,,,,,,
FALSE,,,,,,,,,,,,,,,,,,,,,,,,,,,,,,,,,
FALSE,,,,,,,,,,,,,,,,,,,,,,,,,,,,,,,,,
FALSE,,,,,,,,,,,,,,,,,,,,,,,,,,,,,,,,,
FALSE,,,,,,,,,,,,,,,,,,,,,,,,,,,,,,,,,
FALSE,,,,,,,,,,,,,,,,,,,,,,,,,,,,,,,,,
FALSE,,,,,,,,,,,,,,,,,,,,,,,,,,,,,,,,,
FALSE,,,,,,,,,,,,,,,,,,,,,,,,,,,,,,,,,
FALSE,,,,,,,,,,,,,,,,,,,,,,,,,,,,,,,,,
FALSE,,,,,,,,,,,,,,,,,,,,,,,,,,,,,,,,,
FALSE,,,,,,,,,,,,,,,,,,,,,,,,,,,,,,,,,
FALSE,,,,,,,,,,,,,,,,,,,,,,,,,,,,,,,,,
FALSE,,,,,,,,,,,,,,,,,,,,,,,,,,,,,,,,,
FALSE,,,,,,,,,,,,,,,,,,,,,,,,,,,,,,,,,
FALSE,,,,,,,,,,,,,,,,,,,,,,,,,,,,,,,,,
FALSE,,,,,,,,,,,,,,,,,,,,,,,,,,,,,,,,,
FALSE,,,,,,,,,,,,,,,,,,,,,,,,,,,,,,,,,
FALSE,,,,,,,,,,,,,,,,,,,,,,,,,,,,,,,,,
FALSE,,,,,,,,,,,,,,,,,,,,,,,,,,,,,,,,,
FALSE,,,,,,,,,,,,,,,,,,,,,,,,,,,,,,,,,
FALSE,,,,,,,,,,,,,,,,,,,,,,,,,,,,,,,,,
FALSE,,,,,,,,,,,,,,,,,,,,,,,,,,,,,,,,,
FALSE,,,,,,,,,,,,,,,,,,,,,,,,,,,,,,,,,
FALSE,,,,,,,,,,,,,,,,,,,,,,,,,,,,,,,,,
FALSE,,,,,,,,,,,,,,,,,,,,,,,,,,,,,,,,,
FALSE,,,,,,,,,,,,,,,,,,,,,,,,,,,,,,,,,
FALSE,,,,,,,,,,,,,,,,,,,,,,,,,,,,,,,,,
FALSE,,,,,,,,,,,,,,,,,,,,,,,,,,,,,,,,,
FALSE,,,,,,,,,,,,,,,,,,,,,,,,,,,,,,,,,
FALSE,,,,,,,,,,,,,,,,,,,,,,,,,,,,,,,,,
FALSE,,,,,,,,,,,,,,,,,,,,,,,,,,,,,,,,,
FALSE,,,,,,,,,,,,,,,,,,,,,,,,,,,,,,,,,
FALSE,,,,,,,,,,,,,,,,,,,,,,,,,,,,,,,,,
FALSE,,,,,,,,,,,,,,,,,,,,,,,,,,,,,,,,,
FALSE,,,,,,,,,,,,,,,,,,,,,,,,,,,,,,,,,
FALSE,,,,,,,,,,,,,,,,,,,,,,,,,,,,,,,,,
FALSE,,,,,,,,,,,,,,,,,,,,,,,,,,,,,,,,,
FALSE,,,,,,,,,,,,,,,,,,,,,,,,,,,,,,,,,
FALSE,,,,,,,,,,,,,,,,,,,,,,,,,,,,,,,,,
FALSE,,,,,,,,,,,,,,,,,,,,,,,,,,,,,,,,,
FALSE,,,,,,,,,,,,,,,,,,,,,,,,,,,,,,,,,
FALSE,,,,,,,,,,,,,,,,,,,,,,,,,,,,,,,,,
FALSE,,,,,,,,,,,,,,,,,,,,,,,,,,,,,,,,,
FALSE,,,,,,,,,,,,,,,,,,,,,,,,,,,,,,,,,
FALSE,,,,,,,,,,,,,,,,,,,,,,,,,,,,,,,,,
FALSE,,,,,,,,,,,,,,,,,,,,,,,,,,,,,,,,,
FALSE,,,,,,,,,,,,,,,,,,,,,,,,,,,,,,,,,
FALSE,,,,,,,,,,,,,,,,,,,,,,,,,,,,,,,,,
FALSE,,,,,,,,,,,,,,,,,,,,,,,,,,,,,,,,,
FALSE,,,,,,,,,,,,,,,,,,,,,,,,,,,,,,,,,
FALSE,,,,,,,,,,,,,,,,,,,,,,,,,,,,,,,,,
FALSE,,,,,,,,,,,,,,,,,,,,,,,,,,,,,,,,,
FALSE,,,,,,,,,,,,,,,,,,,,,,,,,,,,,,,,,
FALSE,,,,,,,,,,,,,,,,,,,,,,,,,,,,,,,,,
FALSE,,,,,,,,,,,,,,,,,,,,,,,,,,,,,,,,,
FALSE,,,,,,,,,,,,,,,,,,,,,,,,,,,,,,,,,
FALSE,,,,,,,,,,,,,,,,,,,,,,,,,,,,,,,,,
FALSE,,,,,,,,,,,,,,,,,,,,,,,,,,,,,,,,,
FALSE,,,,,,,,,,,,,,,,,,,,,,,,,,,,,,,,,
FALSE,,,,,,,,,,,,,,,,,,,,,,,,,,,,,,,,,
FALSE,,,,,,,,,,,,,,,,,,,,,,,,,,,,,,,,,
FALSE,,,,,,,,,,,,,,,,,,,,,,,,,,,,,,,,,
FALSE,,,,,,,,,,,,,,,,,,,,,,,,,,,,,,,,,
FALSE,,,,,,,,,,,,,,,,,,,,,,,,,,,,,,,,,
FALSE,,,,,,,,,,,,,,,,,,,,,,,,,,,,,,,,,
FALSE,,,,,,,,,,,,,,,,,,,,,,,,,,,,,,,,,
FALSE,,,,,,,,,,,,,,,,,,,,,,,,,,,,,,,,,
FALSE,,,,,,,,,,,,,,,,,,,,,,,,,,,,,,,,,
FALSE,,,,,,,,,,,,,,,,,,,,,,,,,,,,,,,,,
FALSE,,,,,,,,,,,,,,,,,,,,,,,,,,,,,,,,,
FALSE,,,,,,,,,,,,,,,,,,,,,,,,,,,,,,,,,
FALSE,,,,,,,,,,,,,,,,,,,,,,,,,,,,,,,,,
FALSE,,,,,,,,,,,,,,,,,,,,,,,,,,,,,,,,,
FALSE,,,,,,,,,,,,,,,,,,,,,,,,,,,,,,,,,
FALSE,,,,,,,,,,,,,,,,,,,,,,,,,,,,,,,,,
FALSE,,,,,,,,,,,,,,,,,,,,,,,,,,,,,,,,,
FALSE,,,,,,,,,,,,,,,,,,,,,,,,,,,,,,,,,
FALSE,,,,,,,,,,,,,,,,,,,,,,,,,,,,,,,,,
FALSE,,,,,,,,,,,,,,,,,,,,,,,,,,,,,,,,,
FALSE,,,,,,,,,,,,,,,,,,,,,,,,,,,,,,,,,
FALSE,,,,,,,,,,,,,,,,,,,,,,,,,,,,,,,,,
FALSE,,,,,,,,,,,,,,,,,,,,,,,,,,,,,,,,,
FALSE,,,,,,,,,,,,,,,,,,,,,,,,,,,,,,,,,
FALSE,,,,,,,,,,,,,,,,,,,,,,,,,,,,,,,,,
FALSE,,,,,,,,,,,,,,,,,,,,,,,,,,,,,,,,,
FALSE,,,,,,,,,,,,,,,,,,,,,,,,,,,,,,,,,
FALSE,,,,,,,,,,,,,,,,,,,,,,,,,,,,,,,,,
FALSE,,,,,,,,,,,,,,,,,,,,,,,,,,,,,,,,,
FALSE,,,,,,,,,,,,,,,,,,,,,,,,,,,,,,,,,
FALSE,,,,,,,,,,,,,,,,,,,,,,,,,,,,,,,,,
FALSE,,,,,,,,,,,,,,,,,,,,,,,,,,,,,,,,,
FALSE,,,,,,,,,,,,,,,,,,,,,,,,,,,,,,,,,
FALSE,,,,,,,,,,,,,,,,,,,,,,,,,,,,,,,,,
FALSE,,,,,,,,,,,,,,,,,,,,,,,,,,,,,,,,,
FALSE,,,,,,,,,,,,,,,,,,,,,,,,,,,,,,,,,
FALSE,,,,,,,,,,,,,,,,,,,,,,,,,,,,,,,,,
FALSE,,,,,,,,,,,,,,,,,,,,,,,,,,,,,,,,,
FALSE,,,,,,,,,,,,,,,,,,,,,,,,,,,,,,,,,
FALSE,,,,,,,,,,,,,,,,,,,,,,,,,,,,,,,,,
FALSE,,,,,,,,,,,,,,,,,,,,,,,,,,,,,,,,,
FALSE,,,,,,,,,,,,,,,,,,,,,,,,,,,,,,,,,
FALSE,,,,,,,,,,,,,,,,,,,,,,,,,,,,,,,,,
FALSE,,,,,,,,,,,,,,,,,,,,,,,,,,,,,,,,,
FALSE,,,,,,,,,,,,,,,,,,,,,,,,,,,,,,,,,
FALSE,,,,,,,,,,,,,,,,,,,,,,,,,,,,,,,,,
FALSE,,,,,,,,,,,,,,,,,,,,,,,,,,,,,,,,,
FALSE,,,,,,,,,,,,,,,,,,,,,,,,,,,,,,,,,
FALSE,,,,,,,,,,,,,,,,,,,,,,,,,,,,,,,,,
FALSE,,,,,,,,,,,,,,,,,,,,,,,,,,,,,,,,,
FALSE,,,,,,,,,,,,,,,,,,,,,,,,,,,,,,,,,
FALSE,,,,,,,,,,,,,,,,,,,,,,,,,,,,,,,,,
FALSE,,,,,,,,,,,,,,,,,,,,,,,,,,,,,,,,,
FALSE,,,,,,,,,,,,,,,,,,,,,,,,,,,,,,,,,
FALSE,,,,,,,,,,,,,,,,,,,,,,,,,,,,,,,,,
FALSE,,,,,,,,,,,,,,,,,,,,,,,,,,,,,,,,,
FALSE,,,,,,,,,,,,,,,,,,,,,,,,,,,,,,,,,
FALSE,,,,,,,,,,,,,,,,,,,,,,,,,,,,,,,,,
FALSE,,,,,,,,,,,,,,,,,,,,,,,,,,,,,,,,,
FALSE,,,,,,,,,,,,,,,,,,,,,,,,,,,,,,,,,
FALSE,,,,,,,,,,,,,,,,,,,,,,,,,,,,,,,,,
FALSE,,,,,,,,,,,,,,,,,,,,,,,,,,,,,,,,,
FALSE,,,,,,,,,,,,,,,,,,,,,,,,,,,,,,,,,
FALSE,,,,,,,,,,,,,,,,,,,,,,,,,,,,,,,,,
FALSE,,,,,,,,,,,,,,,,,,,,,,,,,,,,,,,,,
FALSE,,,,,,,,,,,,,,,,,,,,,,,,,,,,,,,,,
FALSE,,,,,,,,,,,,,,,,,,,,,,,,,,,,,,,,,
FALSE,,,,,,,,,,,,,,,,,,,,,,,,,,,,,,,,,
FALSE,,,,,,,,,,,,,,,,,,,,,,,,,,,,,,,,,
FALSE,,,,,,,,,,,,,,,,,,,,,,,,,,,,,,,,,
FALSE,,,,,,,,,,,,,,,,,,,,,,,,,,,,,,,,,
FALSE,,,,,,,,,,,,,,,,,,,,,,,,,,,,,,,,,
FALSE,,,,,,,,,,,,,,,,,,,,,,,,,,,,,,,,,
FALSE,,,,,,,,,,,,,,,,,,,,,,,,,,,,,,,,,
FALSE,,,,,,,,,,,,,,,,,,,,,,,,,,,,,,,,,
FALSE,,,,,,,,,,,,,,,,,,,,,,,,,,,,,,,,,
FALSE,,,,,,,,,,,,,,,,,,,,,,,,,,,,,,,,,
FALSE,,,,,,,,,,,,,,,,,,,,,,,,,,,,,,,,,
FALSE,,,,,,,,,,,,,,,,,,,,,,,,,,,,,,,,,
FALSE,,,,,,,,,,,,,,,,,,,,,,,,,,,,,,,,,
FALSE,,,,,,,,,,,,,,,,,,,,,,,,,,,,,,,,,
FALSE,,,,,,,,,,,,,,,,,,,,,,,,,,,,,,,,,
FALSE,,,,,,,,,,,,,,,,,,,,,,,,,,,,,,,,,
FALSE,,,,,,,,,,,,,,,,,,,,,,,,,,,,,,,,,
FALSE,,,,,,,,,,,,,,,,,,,,,,,,,,,,,,,,,
FALSE,,,,,,,,,,,,,,,,,,,,,,,,,,,,,,,,,
FALSE,,,,,,,,,,,,,,,,,,,,,,,,,,,,,,,,,
FALSE,,,,,,,,,,,,,,,,,,,,,,,,,,,,,,,,,
FALSE,,,,,,,,,,,,,,,,,,,,,,,,,,,,,,,,,
FALSE,,,,,,,,,,,,,,,,,,,,,,,,,,,,,,,,,
FALSE,,,,,,,,,,,,,,,,,,,,,,,,,,,,,,,,,
FALSE,,,,,,,,,,,,,,,,,,,,,,,,,,,,,,,,,
FALSE,,,,,,,,,,,,,,,,,,,,,,,,,,,,,,,,,
FALSE,,,,,,,,,,,,,,,,,,,,,,,,,,,,,,,,,
FALSE,,,,,,,,,,,,,,,,,,,,,,,,,,,,,,,,,
FALSE,,,,,,,,,,,,,,,,,,,,,,,,,,,,,,,,,
FALSE,,,,,,,,,,,,,,,,,,,,,,,,,,,,,,,,,
FALSE,,,,,,,,,,,,,,,,,,,,,,,,,,,,,,,,,
FALSE,,,,,,,,,,,,,,,,,,,,,,,,,,,,,,,,,
FALSE,,,,,,,,,,,,,,,,,,,,,,,,,,,,,,,,,
FALSE,,,,,,,,,,,,,,,,,,,,,,,,,,,,,,,,,
FALSE,,,,,,,,,,,,,,,,,,,,,,,,,,,,,,,,,
FALSE,,,,,,,,,,,,,,,,,,,,,,,,,,,,,,,,,
FALSE,,,,,,,,,,,,,,,,,,,,,,,,,,,,,,,,,
FALSE,,,,,,,,,,,,,,,,,,,,,,,,,,,,,,,,,
FALSE,,,,,,,,,,,,,,,,,,,,,,,,,,,,,,,,,
FALSE,,,,,,,,,,,,,,,,,,,,,,,,,,,,,,,,,
FALSE,,,,,,,,,,,,,,,,,,,,,,,,,,,,,,,,,
FALSE,,,,,,,,,,,,,,,,,,,,,,,,,,,,,,,,,
FALSE,,,,,,,,,,,,,,,,,,,,,,,,,,,,,,,,,
FALSE,,,,,,,,,,,,,,,,,,,,,,,,,,,,,,,,,
FALSE,,,,,,,,,,,,,,,,,,,,,,,,,,,,,,,,,
FALSE,,,,,,,,,,,,,,,,,,,,,,,,,,,,,,,,,
FALSE,,,,,,,,,,,,,,,,,,,,,,,,,,,,,,,,,
FALSE,,,,,,,,,,,,,,,,,,,,,,,,,,,,,,,,,
FALSE,,,,,,,,,,,,,,,,,,,,,,,,,,,,,,,,,
FALSE,,,,,,,,,,,,,,,,,,,,,,,,,,,,,,,,,
FALSE,,,,,,,,,,,,,,,,,,,,,,,,,,,,,,,,,
FALSE,,,,,,,,,,,,,,,,,,,,,,,,,,,,,,,,,
FALSE,,,,,,,,,,,,,,,,,,,,,,,,,,,,,,,,,
FALSE,,,,,,,,,,,,,,,,,,,,,,,,,,,,,,,,,
FALSE,,,,,,,,,,,,,,,,,,,,,,,,,,,,,,,,,
FALSE,,,,,,,,,,,,,,,,,,,,,,,,,,,,,,,,,
FALSE,,,,,,,,,,,,,,,,,,,,,,,,,,,,,,,,,
FALSE,,,,,,,,,,,,,,,,,,,,,,,,,,,,,,,,,
FALSE,,,,,,,,,,,,,,,,,,,,,,,,,,,,,,,,,
FALSE,,,,,,,,,,,,,,,,,,,,,,,,,,,,,,,,,
FALSE,,,,,,,,,,,,,,,,,,,,,,,,,,,,,,,,,
FALSE,,,,,,,,,,,,,,,,,,,,,,,,,,,,,,,,,
FALSE,,,,,,,,,,,,,,,,,,,,,,,,,,,,,,,,,
FALSE,,,,,,,,,,,,,,,,,,,,,,,,,,,,,,,,,
FALSE,,,,,,,,,,,,,,,,,,,,,,,,,,,,,,,,,
FALSE,,,,,,,,,,,,,,,,,,,,,,,,,,,,,,,,,
FALSE,,,,,,,,,,,,,,,,,,,,,,,,,,,,,,,,,
FALSE,,,,,,,,,,,,,,,,,,,,,,,,,,,,,,,,,
FALSE,,,,,,,,,,,,,,,,,,,,,,,,,,,,,,,,,
FALSE,,,,,,,,,,,,,,,,,,,,,,,,,,,,,,,,,
FALSE,,,,,,,,,,,,,,,,,,,,,,,,,,,,,,,,,
FALSE,,,,,,,,,,,,,,,,,,,,,,,,,,,,,,,,,
FALSE,,,,,,,,,,,,,,,,,,,,,,,,,,,,,,,,,
FALSE,,,,,,,,,,,,,,,,,,,,,,,,,,,,,,,,,
FALSE,,,,,,,,,,,,,,,,,,,,,,,,,,,,,,,,,
FALSE,,,,,,,,,,,,,,,,,,,,,,,,,,,,,,,,,
FALSE,,,,,,,,,,,,,,,,,,,,,,,,,,,,,,,,,
FALSE,,,,,,,,,,,,,,,,,,,,,,,,,,,,,,,,,
FALSE,,,,,,,,,,,,,,,,,,,,,,,,,,,,,,,,,
FALSE,,,,,,,,,,,,,,,,,,,,,,,,,,,,,,,,,
FALSE,,,,,,,,,,,,,,,,,,,,,,,,,,,,,,,,,
FALSE,,,,,,,,,,,,,,,,,,,,,,,,,,,,,,,,,
FALSE,,,,,,,,,,,,,,,,,,,,,,,,,,,,,,,,,
FALSE,,,,,,,,,,,,,,,,,,,,,,,,,,,,,,,,,
FALSE,,,,,,,,,,,,,,,,,,,,,,,,,,,,,,,,,
FALSE,,,,,,,,,,,,,,,,,,,,,,,,,,,,,,,,,
FALSE,,,,,,,,,,,,,,,,,,,,,,,,,,,,,,,,,
FALSE,,,,,,,,,,,,,,,,,,,,,,,,,,,,,,,,,
FALSE,,,,,,,,,,,,,,,,,,,,,,,,,,,,,,,,,
FALSE,,,,,,,,,,,,,,,,,,,,,,,,,,,,,,,,,
FALSE,,,,,,,,,,,,,,,,,,,,,,,,,,,,,,,,,
FALSE,,,,,,,,,,,,,,,,,,,,,,,,,,,,,,,,,
FALSE,,,,,,,,,,,,,,,,,,,,,,,,,,,,,,,,,
FALSE,,,,,,,,,,,,,,,,,,,,,,,,,,,,,,,,,
FALSE,,,,,,,,,,,,,,,,,,,,,,,,,,,,,,,,,
FALSE,,,,,,,,,,,,,,,,,,,,,,,,,,,,,,,,,
FALSE,,,,,,,,,,,,,,,,,,,,,,,,,,,,,,,,,
FALSE,,,,,,,,,,,,,,,,,,,,,,,,,,,,,,,,,
FALSE,,,,,,,,,,,,,,,,,,,,,,,,,,,,,,,,,
FALSE,,,,,,,,,,,,,,,,,,,,,,,,,,,,,,,,,
FALSE,,,,,,,,,,,,,,,,,,,,,,,,,,,,,,,,,
FALSE,,,,,,,,,,,,,,,,,,,,,,,,,,,,,,,,,
FALSE,,,,,,,,,,,,,,,,,,,,,,,,,,,,,,,,,
FALSE,,,,,,,,,,,,,,,,,,,,,,,,,,,,,,,,,
FALSE,,,,,,,,,,,,,,,,,,,,,,,,,,,,,,,,,
FALSE,,,,,,,,,,,,,,,,,,,,,,,,,,,,,,,,,
FALSE,,,,,,,,,,,,,,,,,,,,,,,,,,,,,,,,,
FALSE,,,,,,,,,,,,,,,,,,,,,,,,,,,,,,,,,
FALSE,,,,,,,,,,,,,,,,,,,,,,,,,,,,,,,,,
FALSE,,,,,,,,,,,,,,,,,,,,,,,,,,,,,,,,,
FALSE,,,,,,,,,,,,,,,,,,,,,,,,,,,,,,,,,
FALSE,,,,,,,,,,,,,,,,,,,,,,,,,,,,,,,,,
FALSE,,,,,,,,,,,,,,,,,,,,,,,,,,,,,,,,,
FALSE,,,,,,,,,,,,,,,,,,,,,,,,,,,,,,,,,
FALSE,,,,,,,,,,,,,,,,,,,,,,,,,,,,,,,,,
FALSE,,,,,,,,,,,,,,,,,,,,,,,,,,,,,,,,,
FALSE,,,,,,,,,,,,,,,,,,,,,,,,,,,,,,,,,
FALSE,,,,,,,,,,,,,,,,,,,,,,,,,,,,,,,,,
FALSE,,,,,,,,,,,,,,,,,,,,,,,,,,,,,,,,,
FALSE,,,,,,,,,,,,,,,,,,,,,,,,,,,,,,,,,
FALSE,,,,,,,,,,,,,,,,,,,,,,,,,,,,,,,,,
FALSE,,,,,,,,,,,,,,,,,,,,,,,,,,,,,,,,,
FALSE,,,,,,,,,,,,,,,,,,,,,,,,,,,,,,,,,
FALSE,,,,,,,,,,,,,,,,,,,,,,,,,,,,,,,,,
FALSE,,,,,,,,,,,,,,,,,,,,,,,,,,,,,,,,,
FALSE,,,,,,,,,,,,,,,,,,,,,,,,,,,,,,,,,
FALSE,,,,,,,,,,,,,,,,,,,,,,,,,,,,,,,,,
FALSE,,,,,,,,,,,,,,,,,,,,,,,,,,,,,,,,,
FALSE,,,,,,,,,,,,,,,,,,,,,,,,,,,,,,,,,
FALSE,,,,,,,,,,,,,,,,,,,,,,,,,,,,,,,,,
FALSE,,,,,,,,,,,,,,,,,,,,,,,,,,,,,,,,,
FALSE,,,,,,,,,,,,,,,,,,,,,,,,,,,,,,,,,
FALSE,,,,,,,,,,,,,,,,,,,,,,,,,,,,,,,,,
FALSE,,,,,,,,,,,,,,,,,,,,,,,,,,,,,,,,,
FALSE,,,,,,,,,,,,,,,,,,,,,,,,,,,,,,,,,
FALSE,,,,,,,,,,,,,,,,,,,,,,,,,,,,,,,,,
FALSE,,,,,,,,,,,,,,,,,,,,,,,,,,,,,,,,,
FALSE,,,,,,,,,,,,,,,,,,,,,,,,,,,,,,,,,
FALSE,,,,,,,,,,,,,,,,,,,,,,,,,,,,,,,,,
FALSE,,,,,,,,,,,,,,,,,,,,,,,,,,,,,,,,,
FALSE,,,,,,,,,,,,,,,,,,,,,,,,,,,,,,,,,
FALSE,,,,,,,,,,,,,,,,,,,,,,,,,,,,,,,,,
FALSE,,,,,,,,,,,,,,,,,,,,,,,,,,,,,,,,,
FALSE,,,,,,,,,,,,,,,,,,,,,,,,,,,,,,,,,
FALSE,,,,,,,,,,,,,,,,,,,,,,,,,,,,,,,,,
FALSE,,,,,,,,,,,,,,,,,,,,,,,,,,,,,,,,,
FALSE,,,,,,,,,,,,,,,,,,,,,,,,,,,,,,,,,
FALSE,,,,,,,,,,,,,,,,,,,,,,,,,,,,,,,,,
FALSE,,,,,,,,,,,,,,,,,,,,,,,,,,,,,,,,,
FALSE,,,,,,,,,,,,,,,,,,,,,,,,,,,,,,,,,
FALSE,,,,,,,,,,,,,,,,,,,,,,,,,,,,,,,,,
FALSE,,,,,,,,,,,,,,,,,,,,,,,,,,,,,,,,,
FALSE,,,,,,,,,,,,,,,,,,,,,,,,,,,,,,,,,
FALSE,,,,,,,,,,,,,,,,,,,,,,,,,,,,,,,,,
FALSE,,,,,,,,,,,,,,,,,,,,,,,,,,,,,,,,,
FALSE,,,,,,,,,,,,,,,,,,,,,,,,,,,,,,,,,
FALSE,,,,,,,,,,,,,,,,,,,,,,,,,,,,,,,,,
FALSE,,,,,,,,,,,,,,,,,,,,,,,,,,,,,,,,,
FALSE,,,,,,,,,,,,,,,,,,,,,,,,,,,,,,,,,
FALSE,,,,,,,,,,,,,,,,,,,,,,,,,,,,,,,,,
FALSE,,,,,,,,,,,,,,,,,,,,,,,,,,,,,,,,,
FALSE,,,,,,,,,,,,,,,,,,,,,,,,,,,,,,,,,
FALSE,,,,,,,,,,,,,,,,,,,,,,,,,,,,,,,,,
FALSE,,,,,,,,,,,,,,,,,,,,,,,,,,,,,,,,,
FALSE,,,,,,,,,,,,,,,,,,,,,,,,,,,,,,,,,
FALSE,,,,,,,,,,,,,,,,,,,,,,,,,,,,,,,,,
FALSE,,,,,,,,,,,,,,,,,,,,,,,,,,,,,,,,,
FALSE,,,,,,,,,,,,,,,,,,,,,,,,,,,,,,,,,
FALSE,,,,,,,,,,,,,,,,,,,,,,,,,,,,,,,,,
FALSE,,,,,,,,,,,,,,,,,,,,,,,,,,,,,,,,,
FALSE,,,,,,,,,,,,,,,,,,,,,,,,,,,,,,,,,
FALSE,,,,,,,,,,,,,,,,,,,,,,,,,,,,,,,,,
FALSE,,,,,,,,,,,,,,,,,,,,,,,,,,,,,,,,,
FALSE,,,,,,,,,,,,,,,,,,,,,,,,,,,,,,,,,
FALSE,,,,,,,,,,,,,,,,,,,,,,,,,,,,,,,,,
FALSE,,,,,,,,,,,,,,,,,,,,,,,,,,,,,,,,,
FALSE,,,,,,,,,,,,,,,,,,,,,,,,,,,,,,,,,
FALSE,,,,,,,,,,,,,,,,,,,,,,,,,,,,,,,,,
FALSE,,,,,,,,,,,,,,,,,,,,,,,,,,,,,,,,,
FALSE,,,,,,,,,,,,,,,,,,,,,,,,,,,,,,,,,
FALSE,,,,,,,,,,,,,,,,,,,,,,,,,,,,,,,,,
FALSE,,,,,,,,,,,,,,,,,,,,,,,,,,,,,,,,,
FALSE,,,,,,,,,,,,,,,,,,,,,,,,,,,,,,,,,
FALSE,,,,,,,,,,,,,,,,,,,,,,,,,,,,,,,,,
FALSE,,,,,,,,,,,,,,,,,,,,,,,,,,,,,,,,,
FALSE,,,,,,,,,,,,,,,,,,,,,,,,,,,,,,,,,
FALSE,,,,,,,,,,,,,,,,,,,,,,,,,,,,,,,,,
FALSE,,,,,,,,,,,,,,,,,,,,,,,,,,,,,,,,,
FALSE,,,,,,,,,,,,,,,,,,,,,,,,,,,,,,,,,
FALSE,,,,,,,,,,,,,,,,,,,,,,,,,,,,,,,,,
FALSE,,,,,,,,,,,,,,,,,,,,,,,,,,,,,,,,,
FALSE,,,,,,,,,,,,,,,,,,,,,,,,,,,,,,,,,
FALSE,,,,,,,,,,,,,,,,,,,,,,,,,,,,,,,,,
FALSE,,,,,,,,,,,,,,,,,,,,,,,,,,,,,,,,,
FALSE,,,,,,,,,,,,,,,,,,,,,,,,,,,,,,,,,
FALSE,,,,,,,,,,,,,,,,,,,,,,,,,,,,,,,,,
FALSE,,,,,,,,,,,,,,,,,,,,,,,,,,,,,,,,,
FALSE,,,,,,,,,,,,,,,,,,,,,,,,,,,,,,,,,
FALSE,,,,,,,,,,,,,,,,,,,,,,,,,,,,,,,,,
FALSE,,,,,,,,,,,,,,,,,,,,,,,,,,,,,,,,,
FALSE,,,,,,,,,,,,,,,,,,,,,,,,,,,,,,,,,
FALSE,,,,,,,,,,,,,,,,,,,,,,,,,,,,,,,,,
FALSE,,,,,,,,,,,,,,,,,,,,,,,,,,,,,,,,,
FALSE,,,,,,,,,,,,,,,,,,,,,,,,,,,,,,,,,
FALSE,,,,,,,,,,,,,,,,,,,,,,,,,,,,,,,,,
FALSE,,,,,,,,,,,,,,,,,,,,,,,,,,,,,,,,,
FALSE,,,,,,,,,,,,,,,,,,,,,,,,,,,,,,,,,
FALSE,,,,,,,,,,,,,,,,,,,,,,,,,,,,,,,,,
FALSE,,,,,,,,,,,,,,,,,,,,,,,,,,,,,,,,,
FALSE,,,,,,,,,,,,,,,,,,,,,,,,,,,,,,,,,
FALSE,,,,,,,,,,,,,,,,,,,,,,,,,,,,,,,,,
FALSE,,,,,,,,,,,,,,,,,,,,,,,,,,,,,,,,,
FALSE,,,,,,,,,,,,,,,,,,,,,,,,,,,,,,,,,
FALSE,,,,,,,,,,,,,,,,,,,,,,,,,,,,,,,,,
FALSE,,,,,,,,,,,,,,,,,,,,,,,,,,,,,,,,,
FALSE,,,,,,,,,,,,,,,,,,,,,,,,,,,,,,,,,
FALSE,,,,,,,,,,,,,,,,,,,,,,,,,,,,,,,,,
FALSE,,,,,,,,,,,,,,,,,,,,,,,,,,,,,,,,,
FALSE,,,,,,,,,,,,,,,,,,,,,,,,,,,,,,,,,
FALSE,,,,,,,,,,,,,,,,,,,,,,,,,,,,,,,,,
FALSE,,,,,,,,,,,,,,,,,,,,,,,,,,,,,,,,,
FALSE,,,,,,,,,,,,,,,,,,,,,,,,,,,,,,,,,
FALSE,,,,,,,,,,,,,,,,,,,,,,,,,,,,,,,,,
FALSE,,,,,,,,,,,,,,,,,,,,,,,,,,,,,,,,,
FALSE,,,,,,,,,,,,,,,,,,,,,,,,,,,,,,,,,
FALSE,,,,,,,,,,,,,,,,,,,,,,,,,,,,,,,,,
FALSE,,,,,,,,,,,,,,,,,,,,,,,,,,,,,,,,,
FALSE,,,,,,,,,,,,,,,,,,,,,,,,,,,,,,,,,
FALSE,,,,,,,,,,,,,,,,,,,,,,,,,,,,,,,,,
FALSE,,,,,,,,,,,,,,,,,,,,,,,,,,,,,,,,,
FALSE,,,,,,,,,,,,,,,,,,,,,,,,,,,,,,,,,
FALSE,,,,,,,,,,,,,,,,,,,,,,,,,,,,,,,,,
FALSE,,,,,,,,,,,,,,,,,,,,,,,,,,,,,,,,,
FALSE,,,,,,,,,,,,,,,,,,,,,,,,,,,,,,,,,
FALSE,,,,,,,,,,,,,,,,,,,,,,,,,,,,,,,,,
FALSE,,,,,,,,,,,,,,,,,,,,,,,,,,,,,,,,,
FALSE,,,,,,,,,,,,,,,,,,,,,,,,,,,,,,,,,
FALSE,,,,,,,,,,,,,,,,,,,,,,,,,,,,,,,,,
FALSE,,,,,,,,,,,,,,,,,,,,,,,,,,,,,,,,,
FALSE,,,,,,,,,,,,,,,,,,,,,,,,,,,,,,,,,
FALSE,,,,,,,,,,,,,,,,,,,,,,,,,,,,,,,,,
FALSE,,,,,,,,,,,,,,,,,,,,,,,,,,,,,,,,,
FALSE,,,,,,,,,,,,,,,,,,,,,,,,,,,,,,,,,
FALSE,,,,,,,,,,,,,,,,,,,,,,,,,,,,,,,,,
FALSE,,,,,,,,,,,,,,,,,,,,,,,,,,,,,,,,,
FALSE,,,,,,,,,,,,,,,,,,,,,,,,,,,,,,,,,
FALSE,,,,,,,,,,,,,,,,,,,,,,,,,,,,,,,,,
FALSE,,,,,,,,,,,,,,,,,,,,,,,,,,,,,,,,,
FALSE,,,,,,,,,,,,,,,,,,,,,,,,,,,,,,,,,
FALSE,,,,,,,,,,,,,,,,,,,,,,,,,,,,,,,,,
FALSE,,,,,,,,,,,,,,,,,,,,,,,,,,,,,,,,,
FALSE,,,,,,,,,,,,,,,,,,,,,,,,,,,,,,,,,
FALSE,,,,,,,,,,,,,,,,,,,,,,,,,,,,,,,,,
FALSE,,,,,,,,,,,,,,,,,,,,,,,,,,,,,,,,,
FALSE,,,,,,,,,,,,,,,,,,,,,,,,,,,,,,,,,
FALSE,,,,,,,,,,,,,,,,,,,,,,,,,,,,,,,,,
FALSE,,,,,,,,,,,,,,,,,,,,,,,,,,,,,,,,,
FALSE,,,,,,,,,,,,,,,,,,,,,,,,,,,,,,,,,
FALSE,,,,,,,,,,,,,,,,,,,,,,,,,,,,,,,,,
FALSE,,,,,,,,,,,,,,,,,,,,,,,,,,,,,,,,,
FALSE,,,,,,,,,,,,,,,,,,,,,,,,,,,,,,,,,
FALSE,,,,,,,,,,,,,,,,,,,,,,,,,,,,,,,,,
FALSE,,,,,,,,,,,,,,,,,,,,,,,,,,,,,,,,,
FALSE,,,,,,,,,,,,,,,,,,,,,,,,,,,,,,,,,
FALSE,,,,,,,,,,,,,,,,,,,,,,,,,,,,,,,,,
FALSE,,,,,,,,,,,,,,,,,,,,,,,,,,,,,,,,,
FALSE,,,,,,,,,,,,,,,,,,,,,,,,,,,,,,,,,
FALSE,,,,,,,,,,,,,,,,,,,,,,,,,,,,,,,,,
FALSE,,,,,,,,,,,,,,,,,,,,,,,,,,,,,,,,,
FALSE,,,,,,,,,,,,,,,,,,,,,,,,,,,,,,,,,
FALSE,,,,,,,,,,,,,,,,,,,,,,,,,,,,,,,,,
FALSE,,,,,,,,,,,,,,,,,,,,,,,,,,,,,,,,,
FALSE,,,,,,,,,,,,,,,,,,,,,,,,,,,,,,,,,
FALSE,,,,,,,,,,,,,,,,,,,,,,,,,,,,,,,,,
FALSE,,,,,,,,,,,,,,,,,,,,,,,,,,,,,,,,,
FALSE,,,,,,,,,,,,,,,,,,,,,,,,,,,,,,,,,
FALSE,,,,,,,,,,,,,,,,,,,,,,,,,,,,,,,,,
FALSE,,,,,,,,,,,,,,,,,,,,,,,,,,,,,,,,,
FALSE,,,,,,,,,,,,,,,,,,,,,,,,,,,,,,,,,
FALSE,,,,,,,,,,,,,,,,,,,,,,,,,,,,,,,,,
FALSE,,,,,,,,,,,,,,,,,,,,,,,,,,,,,,,,,
FALSE,,,,,,,,,,,,,,,,,,,,,,,,,,,,,,,,,
FALSE,,,,,,,,,,,,,,,,,,,,,,,,,,,,,,,,,
FALSE,,,,,,,,,,,,,,,,,,,,,,,,,,,,,,,,,
FALSE,,,,,,,,,,,,,,,,,,,,,,,,,,,,,,,,,
FALSE,,,,,,,,,,,,,,,,,,,,,,,,,,,,,,,,,
FALSE,,,,,,,,,,,,,,,,,,,,,,,,,,,,,,,,,
FALSE,,,,,,,,,,,,,,,,,,,,,,,,,,,,,,,,,
FALSE,,,,,,,,,,,,,,,,,,,,,,,,,,,,,,,,,
FALSE,,,,,,,,,,,,,,,,,,,,,,,,,,,,,,,,,
FALSE,,,,,,,,,,,,,,,,,,,,,,,,,,,,,,,,,
FALSE,,,,,,,,,,,,,,,,,,,,,,,,,,,,,,,,,
FALSE,,,,,,,,,,,,,,,,,,,,,,,,,,,,,,,,,
FALSE,,,,,,,,,,,,,,,,,,,,,,,,,,,,,,,,,
FALSE,,,,,,,,,,,,,,,,,,,,,,,,,,,,,,,,,
FALSE,,,,,,,,,,,,,,,,,,,,,,,,,,,,,,,,,
FALSE,,,,,,,,,,,,,,,,,,,,,,,,,,,,,,,,,
FALSE,,,,,,,,,,,,,,,,,,,,,,,,,,,,,,,,,
FALSE,,,,,,,,,,,,,,,,,,,,,,,,,,,,,,,,,
FALSE,,,,,,,,,,,,,,,,,,,,,,,,,,,,,,,,,
FALSE,,,,,,,,,,,,,,,,,,,,,,,,,,,,,,,,,
FALSE,,,,,,,,,,,,,,,,,,,,,,,,,,,,,,,,,
FALSE,,,,,,,,,,,,,,,,,,,,,,,,,,,,,,,,,
FALSE,,,,,,,,,,,,,,,,,,,,,,,,,,,,,,,,,
FALSE,,,,,,,,,,,,,,,,,,,,,,,,,,,,,,,,,
FALSE,,,,,,,,,,,,,,,,,,,,,,,,,,,,,,,,,
FALSE,,,,,,,,,,,,,,,,,,,,,,,,,,,,,,,,,
FALSE,,,,,,,,,,,,,,,,,,,,,,,,,,,,,,,,,
FALSE,,,,,,,,,,,,,,,,,,,,,,,,,,,,,,,,,
FALSE,,,,,,,,,,,,,,,,,,,,,,,,,,,,,,,,,
FALSE,,,,,,,,,,,,,,,,,,,,,,,,,,,,,,,,,
FALSE,,,,,,,,,,,,,,,,,,,,,,,,,,,,,,,,,
FALSE,,,,,,,,,,,,,,,,,,,,,,,,,,,,,,,,,
FALSE,,,,,,,,,,,,,,,,,,,,,,,,,,,,,,,,,
FALSE,,,,,,,,,,,,,,,,,,,,,,,,,,,,,,,,,
FALSE,,,,,,,,,,,,,,,,,,,,,,,,,,,,,,,,,
FALSE,,,,,,,,,,,,,,,,,,,,,,,,,,,,,,,,,
FALSE,,,,,,,,,,,,,,,,,,,,,,,,,,,,,,,,,
FALSE,,,,,,,,,,,,,,,,,,,,,,,,,,,,,,,,,
FALSE,,,,,,,,,,,,,,,,,,,,,,,,,,,,,,,,,
FALSE,,,,,,,,,,,,,,,,,,,,,,,,,,,,,,,,,
FALSE,,,,,,,,,,,,,,,,,,,,,,,,,,,,,,,,,
FALSE,,,,,,,,,,,,,,,,,,,,,,,,,,,,,,,,,
FALSE,,,,,,,,,,,,,,,,,,,,,,,,,,,,,,,,,
FALSE,,,,,,,,,,,,,,,,,,,,,,,,,,,,,,,,,
FALSE,,,,,,,,,,,,,,,,,,,,,,,,,,,,,,,,,
FALSE,,,,,,,,,,,,,,,,,,,,,,,,,,,,,,,,,
FALSE,,,,,,,,,,,,,,,,,,,,,,,,,,,,,,,,,
FALSE,,,,,,,,,,,,,,,,,,,,,,,,,,,,,,,,,
FALSE,,,,,,,,,,,,,,,,,,,,,,,,,,,,,,,,,
FALSE,,,,,,,,,,,,,,,,,,,,,,,,,,,,,,,,,
FALSE,,,,,,,,,,,,,,,,,,,,,,,,,,,,,,,,,
FALSE,,,,,,,,,,,,,,,,,,,,,,,,,,,,,,,,,
FALSE,,,,,,,,,,,,,,,,,,,,,,,,,,,,,,,,,
FALSE,,,,,,,,,,,,,,,,,,,,,,,,,,,,,,,,,
FALSE,,,,,,,,,,,,,,,,,,,,,,,,,,,,,,,,,
FALSE,,,,,,,,,,,,,,,,,,,,,,,,,,,,,,,,,
FALSE,,,,,,,,,,,,,,,,,,,,,,,,,,,,,,,,,
FALSE,,,,,,,,,,,,,,,,,,,,,,,,,,,,,,,,,
FALSE,,,,,,,,,,,,,,,,,,,,,,,,,,,,,,,,,
FALSE,,,,,,,,,,,,,,,,,,,,,,,,,,,,,,,,,
FALSE,,,,,,,,,,,,,,,,,,,,,,,,,,,,,,,,,
FALSE,,,,,,,,,,,,,,,,,,,,,,,,,,,,,,,,,
FALSE,,,,,,,,,,,,,,,,,,,,,,,,,,,,,,,,,
FALSE,,,,,,,,,,,,,,,,,,,,,,,,,,,,,,,,,
FALSE,,,,,,,,,,,,,,,,,,,,,,,,,,,,,,,,,
FALSE,,,,,,,,,,,,,,,,,,,,,,,,,,,,,,,,,
FALSE,,,,,,,,,,,,,,,,,,,,,,,,,,,,,,,,,
FALSE,,,,,,,,,,,,,,,,,,,,,,,,,,,,,,,,,
FALSE,,,,,,,,,,,,,,,,,,,,,,,,,,,,,,,,,
FALSE,,,,,,,,,,,,,,,,,,,,,,,,,,,,,,,,,
FALSE,,,,,,,,,,,,,,,,,,,,,,,,,,,,,,,,,
FALSE,,,,,,,,,,,,,,,,,,,,,,,,,,,,,,,,,
FALSE,,,,,,,,,,,,,,,,,,,,,,,,,,,,,,,,,
FALSE,,,,,,,,,,,,,,,,,,,,,,,,,,,,,,,,,
FALSE,,,,,,,,,,,,,,,,,,,,,,,,,,,,,,,,,
FALSE,,,,,,,,,,,,,,,,,,,,,,,,,,,,,,,,,
FALSE,,,,,,,,,,,,,,,,,,,,,,,,,,,,,,,,,
FALSE,,,,,,,,,,,,,,,,,,,,,,,,,,,,,,,,,
FALSE,,,,,,,,,,,,,,,,,,,,,,,,,,,,,,,,,
FALSE,,,,,,,,,,,,,,,,,,,,,,,,,,,,,,,,,
FALSE,,,,,,,,,,,,,,,,,,,,,,,,,,,,,,,,,
FALSE,,,,,,,,,,,,,,,,,,,,,,,,,,,,,,,,,
FALSE,,,,,,,,,,,,,,,,,,,,,,,,,,,,,,,,,
FALSE,,,,,,,,,,,,,,,,,,,,,,,,,,,,,,,,,
FALSE,,,,,,,,,,,,,,,,,,,,,,,,,,,,,,,,,
FALSE,,,,,,,,,,,,,,,,,,,,,,,,,,,,,,,,,
FALSE,,,,,,,,,,,,,,,,,,,,,,,,,,,,,,,,,
FALSE,,,,,,,,,,,,,,,,,,,,,,,,,,,,,,,,,
FALSE,,,,,,,,,,,,,,,,,,,,,,,,,,,,,,,,,
FALSE,,,,,,,,,,,,,,,,,,,,,,,,,,,,,,,,,
FALSE,,,,,,,,,,,,,,,,,,,,,,,,,,,,,,,,,
FALSE,,,,,,,,,,,,,,,,,,,,,,,,,,,,,,,,,
FALSE,,,,,,,,,,,,,,,,,,,,,,,,,,,,,,,,,
FALSE,,,,,,,,,,,,,,,,,,,,,,,,,,,,,,,,,
FALSE,,,,,,,,,,,,,,,,,,,,,,,,,,,,,,,,,
FALSE,,,,,,,,,,,,,,,,,,,,,,,,,,,,,,,,,
FALSE,,,,,,,,,,,,,,,,,,,,,,,,,,,,,,,,,
FALSE,,,,,,,,,,,,,,,,,,,,,,,,,,,,,,,,,
FALSE,,,,,,,,,,,,,,,,,,,,,,,,,,,,,,,,,
FALSE,,,,,,,,,,,,,,,,,,,,,,,,,,,,,,,,,
FALSE,,,,,,,,,,,,,,,,,,,,,,,,,,,,,,,,,
FALSE,,,,,,,,,,,,,,,,,,,,,,,,,,,,,,,,,
FALSE,,,,,,,,,,,,,,,,,,,,,,,,,,,,,,,,,
FALSE,,,,,,,,,,,,,,,,,,,,,,,,,,,,,,,,,
FALSE,,,,,,,,,,,,,,,,,,,,,,,,,,,,,,,,,
FALSE,,,,,,,,,,,,,,,,,,,,,,,,,,,,,,,,,
FALSE,,,,,,,,,,,,,,,,,,,,,,,,,,,,,,,,,
FALSE,,,,,,,,,,,,,,,,,,,,,,,,,,,,,,,,,
FALSE,,,,,,,,,,,,,,,,,,,,,,,,,,,,,,,,,
FALSE,,,,,,,,,,,,,,,,,,,,,,,,,,,,,,,,,
FALSE,,,,,,,,,,,,,,,,,,,,,,,,,,,,,,,,,
FALSE,,,,,,,,,,,,,,,,,,,,,,,,,,,,,,,,,
FALSE,,,,,,,,,,,,,,,,,,,,,,,,,,,,,,,,,
FALSE,,,,,,,,,,,,,,,,,,,,,,,,,,,,,,,,,
FALSE,,,,,,,,,,,,,,,,,,,,,,,,,,,,,,,,,
FALSE,,,,,,,,,,,,,,,,,,,,,,,,,,,,,,,,,
FALSE,,,,,,,,,,,,,,,,,,,,,,,,,,,,,,,,,
FALSE,,,,,,,,,,,,,,,,,,,,,,,,,,,,,,,,,
FALSE,,,,,,,,,,,,,,,,,,,,,,,,,,,,,,,,,
FALSE,,,,,,,,,,,,,,,,,,,,,,,,,,,,,,,,,
FALSE,,,,,,,,,,,,,,,,,,,,,,,,,,,,,,,,,
FALSE,,,,,,,,,,,,,,,,,,,,,,,,,,,,,,,,,
FALSE,,,,,,,,,,,,,,,,,,,,,,,,,,,,,,,,,
FALSE,,,,,,,,,,,,,,,,,,,,,,,,,,,,,,,,,
FALSE,,,,,,,,,,,,,,,,,,,,,,,,,,,,,,,,,
FALSE,,,,,,,,,,,,,,,,,,,,,,,,,,,,,,,,,
FALSE,,,,,,,,,,,,,,,,,,,,,,,,,,,,,,,,,
FALSE,,,,,,,,,,,,,,,,,,,,,,,,,,,,,,,,,
FALSE,,,,,,,,,,,,,,,,,,,,,,,,,,,,,,,,,
FALSE,,,,,,,,,,,,,,,,,,,,,,,,,,,,,,,,,
FALSE,,,,,,,,,,,,,,,,,,,,,,,,,,,,,,,,,
FALSE,,,,,,,,,,,,,,,,,,,,,,,,,,,,,,,,,
FALSE,,,,,,,,,,,,,,,,,,,,,,,,,,,,,,,,,
FALSE,,,,,,,,,,,,,,,,,,,,,,,,,,,,,,,,,
FALSE,,,,,,,,,,,,,,,,,,,,,,,,,,,,,,,,,
FALSE,,,,,,,,,,,,,,,,,,,,,,,,,,,,,,,,,
FALSE,,,,,,,,,,,,,,,,,,,,,,,,,,,,,,,,,
FALSE,,,,,,,,,,,,,,,,,,,,,,,,,,,,,,,,,
FALSE,,,,,,,,,,,,,,,,,,,,,,,,,,,,,,,,,
FALSE,,,,,,,,,,,,,,,,,,,,,,,,,,,,,,,,,
FALSE,,,,,,,,,,,,,,,,,,,,,,,,,,,,,,,,,
FALSE,,,,,,,,,,,,,,,,,,,,,,,,,,,,,,,,,
FALSE,,,,,,,,,,,,,,,,,,,,,,,,,,,,,,,,,
FALSE,,,,,,,,,,,,,,,,,,,,,,,,,,,,,,,,,
FALSE,,,,,,,,,,,,,,,,,,,,,,,,,,,,,,,,,
FALSE,,,,,,,,,,,,,,,,,,,,,,,,,,,,,,,,,
FALSE,,,,,,,,,,,,,,,,,,,,,,,,,,,,,,,,,